Workbook

Sheet Summary Sheet
K2: Sort by Time
B3: Date | C3: Supply ID | D3: Location | E3: In-charge | F3: Engineer | G3: Structure Name | H3: Structure ID | I3: Grade | J3: QTY | K3: Time | L3: Placement By | M3: Planning Remarks
B4: ='Input 1'!D4 -> 46157 | C4: ='Input 1'!D28 -> MVDP/GIC/Per/Pier/001 | D4: ='Input 1'!D5 -> Gorai IC | E4: ='Input 1'!D25 -> Mr. A | F4: ='Input 1'!D26 -> Mr. B | G4: ='Input 1'!D7 -> I Girder | H4: ='Input 1'!D8 -> VGP24 | I4: ='Input 1'!D10 -> M-45 | J4: ='Input 1'!D19 -> 10.6 | K4: ='Input 1'!D23 -> 0.45833333 | L4: ='Input 1'!D24 -> Boom placer | M4: Send Back
B11: Total | J11: =SUM(J4:J10) -> 10.6
B14: ADD | C14: Send Back | D14: Hold | K14: FINAL SEND
B17: Requistion to site planning by 5:30 p.m.
B18: Site planning validates the entries
B19: To be validated and sent to production team by 7:30 p.m.
B21: Send for Production

Sheet Process Flow
C5: Concrete Requisition
B12: Stakeholder | D12: Execution Team | F12: Planning Team | H12: Production Team | J12: Production Team | L12: Final Report
B14: Responsibilities | D14: Data input | F14: Data validation | H14: Dispatch as per Validation | J14: Input actual production | L14: Dashboard
F15: Once validated, a compiled mail of approved IDs sent to production team | H15: Intimation to execution team about dispatch plan | J15: Input TM nos | L15: Production Summary Material usage summary Reconciliation of mix vs actual
J16: Update time for concrete delivery
J17: Update acknowledgement of concrete receipt by site
J18: Link plant production report to the excel for direct input

Sheet Dashboard
A6: =60*2 -> 120 | X6: Location | Y6: Activity | Z6: Theoratical | AA6: Production | AB6: Wastage
A7: =A6 -> 120
A8: =A7*90% -> 108
A9: =10 -> 10
A10: =15 -> 15 | U10: =250000/72 -> 3472.2222
A11: =A8*A9*A10 -> 16200

Sheet Production Team
Y1: Batch Wise Report
C2: Input from Planning team | O2: Input from Production team | Y2: Input from Production team
C3: Production
C4: Date | D4: Supply ID | E4: Location | F4: In-charge | G4: Engineer | H4: Structure Name | I4: Structure ID | J4: Grade | K4: QTY | L4: Time | M4: Placement By | N4: Instruction from Planning | O4: Batching Plant ID | P4: Allocated vehicle | Q4: Grade | R4: Quantity Desptached | S4: Despatch time | T4: Receipt location | U4: Receipt at site | V4: Release from site | W4: Return to Plant
C5: ='Summary Sheet'!B4 -> 46157 | D5: ='Summary Sheet'!C4 -> MVDP/GIC/Per/Pier/001 | E5: ='Summary Sheet'!D4 -> Gorai IC | F5: ='Summary Sheet'!E4 -> Mr. A | G5: ='Summary Sheet'!F4 -> Mr. B | H5: ='Summary Sheet'!G4 -> I Girder | I5: ='Summary Sheet'!H4 -> VGP24 | J5: ='Summary Sheet'!I4 -> M-45 | ... N5: ='Summary Sheet'!M4 -> Send Back | U5: Time | V5: Time | W5: Time

Sheet Input 1
B2: Concrete Requisition Slip | D2: Refference Details
B3: 1 | C3: RFI no. | D3: --------- | E3: Input by site engineer
B4: =B3+1 -> 2 | C4: Date | D4: =TODAY() -> 46157 | E4: Input by site engineer
B5: =B4+1 -> 3 | C5: Location | D5: Gorai IC | E5: Input by site engineer
B6: =B5+1 -> 4 | C6: Structure Type | D6: Permanent | E6: Input by site engineer
B7: =B6+1 -> 5 | C7: Structure Name | D7: I Girder | E7: Input by site engineer | K7: Location | L7: Structure | M7: Structure Part | N7: Structure ID | O7: Casting ID
B8: =B7+1 -> 6 | C8: Structure ID | D8: VGP24 | E8: Input by site engineer | F8: CDP35-CDP36 | K8: Gorai IC | L8: Permanent | M8: Pile | N8: PL 78 | O8: PL 78-1
B9: =B8+1 -> 7 | C9: Pile ID/Lift ID/Girder ID/Segment ID | D9: Lift 1 | E9: Input by site engineer | K9: Gorai IC | L9: Permanent | M9: Pile Cap | N9: PL 78
B10: =B9+1 -> 8 | C10: Concrete Grade | D10: M-45 | E10: Input by site engineer | K10: Gorai IC | L10: Permanent | M10: Pier | N10: PL 78 | O10: Starter/L1/L2/L3
B11: =B10+1 -> 9 | C11: Drawing No. | D11: O23089-Q-BR-CM-GA-1026(R0) | E11: Input by site engineer | K11: Gorai IC | L11: Permanent | M11: Pier Cap | N11: PL 78 | O11: Precast/CIS
B12: =B11+1 -> 10 | C12: Dimension as per Drawing | E12: Input by site engineer | K12: Precast Yard | L12: Permanent | M12: Segment | N12: PL 78-79 | O12: S1
B13: =B12+0.1 -> 10.1 | C13: Length of Structure (in m) | D13: 4 | E13: Input by site engineer | K13: Gorai IC | L13: Permanent | M13: Deck Slab/Voided Slab | N13: Pl 1B-1A | O13: CIS
B14: =B13+0.1 -> 10.2 | C14: Diameter of Pile/Pier (in m) | D14: 1.5 | E14: Input by site engineer | F14: May not be rquird | K14: Gorai IC | L14: Permanent | M14: Diaphragm | N14: VC P8
B15: =B12+1 -> 11 | C15: Theoritical Qty (in cum) | D15: 10 | E15: Input by site engineer | K15: Precast Yard | L15: Permanent | M15: Girder | N15: VC P8-P9 | O15: G2
B16: =B15+1 -> 12 | C16: Dimension as per Actual at site | E16: Input by site engineer | G16: pier cap? | K16: Gorai IC | L16: Permanent | M16: Stiching Concrete | N16: PL 78
B17: =B16+0.1 -> 12.1 | C17: Length of Structure (in m) | D17: 4.3 | E17: Input by site engineer | G17: Direct input till JQE is fixed | K17: Gorai IC | L17: Permanent | M17: Expansion Joint | N17: PL 78
B18: =B17+0.1 -> 12.2 | C18: Diameter of Pile/Pier (in m) | D18: 1.5 | E18: Input by site engineer | K18: MCW | L18: Permanent | M18: Crash Barrier | N18: PL 78-79 | O18: Right Side
B19: =B15+1 -> 12 | C19: Actual Qty (in cum) | D19: 10.6 | E19: Input by site engineer | K19: CSB | L19: Permanent | M19: Lower Pylon
B20: =B19+1 -> 13 | C20: Qty Difference (in cum) | D20: =D15-D19 -> -0.6 | E20: Input by site engineer
B21: =B20+1 -> 14 | C21: Reason for difference | D21: Concrete for Boom placer | E21: Input by site engineer
B22: =B21+1 -> 15 | C22: Order Quantity (in cum) | D22: =D19 -> 10.6 | E22: Input by site engineer
B23: =B22+1 -> 16 | C23: Time of Pour | D23: 0.45833333 | E23: Input by site engineer
B24: =B23+1 -> 17 | C24: Placement By | D24: Boom placer | E24: Input by site engineer
B25: =B24+1 -> 18 | C25: In-charge Name | D25: Mr. A | E25: Input by site engineer | F25: Manual input
B26: =B25+1 -> 19 | C26: Contact Person / Engineer | D26: Mr. B | E26: Input by site engineer
B27: =B26+1 -> 20 | C27: Contact Number | E27: Input by site engineer
B28: =B27+1 -> 21 | C28: Supply ID | D28: MVDP/GIC/Per/Pier/001 | E28: Generate by System | F28: Sample== MVDP/GIC/Per/Pier/001

Sheet Site Engineers

Sheet CSB ID
B4: Structure ID | C4: Pier ID | D4: Side | E4: Lift No
B5: Lower Pylon | C5: PL 63 | D5: Left | E5: 1/2/3/4
B6: Lower Pylon | C6: PL 63 | D6: Right | E6: 1/2/3/4
B7: Lower Pylon | C7: PL 64 | D7: Left | E7: 1/2/3/4
B8: Lower Pylon | C8: PL 64 | D8: Right | E8: 1/2/3/4
B10: Lower Pylon | C10: PR 63 | D10: Left | E10: 1/2/3/4
B11: Lower Pylon | C11: PR 63 | D11: Right | E11: 1/2/3/4
B12: Lower Pylon | C12: PR 64 | D12: Left | E12: 1/2/3/4
B13: Lower Pylon | C13: PR 64 | D13: Right | E13: 1/2/3/4
B15: Structure ID | C15: Pier ID | D15: Side | E15: Lift No
B16: Upper Pylon | C16: PL 63 | D16: Left | E16: 1 to 12
B17: Upper Pylon | C17: PL 63 | D17: Right | E17: 1 to 12
... B26: Structure ID | C26: Pier ID | D26: Side | E26: Lift No
B27: Pier Table | C27: PL 63 | D27: Left
B28: Pier Table | C28: PL 63 | D28: Right
B30: Structure ID | C30: Pier ID | D30: Side | E30: Lift No
B31: Pier Table | C31: PR 64 | D31: Left
B32: Pier Table | C32: PR 64 | D32: Right

Sheet TAB ID
D1: =SUM(D6:D228) -> 2102.4 | I1: =I41+I130 -> 1012.86 | M1: =M38+M121 -> 973.94 | Q1: =SUM(Q5:Q44) -> 371.97
B2: Main Alignment | G2: Charkop Intrchange | K2: Gorai Intrchange | O2: Jetty
B3: Pier ID | C3: Span ID | D3: Length (m) | E3: Structure ID | G3: Pier ID | H3: Span ID | I3: Length (m) | K3: Pier ID | L3: Span ID | M3: Length (m) | O3: Pier ID | P3: Span ID | Q3: Length (m)
B4: A | C4: Platform In Mangrove Area | G4: A | H4: Platform In Mangrove Area | K4: A | L4: Platform In Marine / Creek | O4: A
B5: A1 | G5: C1 | K5: G1 | O5: J1
B6: A2 | C6: =CONCATENATE(B5," - ",B6) -> A1 - A2 | D6: 9.6 | E6: Left/Right | G6: C2 | H6: =CONCATENATE(G5, "-",G6) -> C1-C2 | I6: 9.6 | K6: G2 | L6: =CONCATENATE(K5, "-",K6) -> G1-G2 | M6: 5.2 | O6: J2 | P6: =CONCATENATE(O5, "-",O6) -> J1-J2 | Q6: 9.6
B7: A3 | C7: =CONCATENATE(B6," - ",B7) -> A2 - A3 | D7: 9.6 | E7: Left/Right | G7: C3 | H7: =CONCATENATE(G6, "-",G7) -> C2-C3 | I7: =AVERAGE(7.41) -> 7.41 | K7: G3 | L7: =CONCATENATE(K6, "-",K7) -> G2-G3 | M7: 9.6 | O7: J3 | P7: =CONCATENATE(O6, "-",O7) -> J2-J3 | Q7: 9.6
B8: A4 | C8: =CONCATENATE(B7," - ",B8) -> A3 - A4 | D8: 9.6 | E8: Left/Right | G8: C4 | H8: =CONCATENATE(G7, "-",G8) -> C3-C4 | I8: 9.6 | K8: G4 | L8: =CONCATENATE(K7, "-",K8) -> G3-G4 | M8: 9.6 | O8: J4 | P8: =CONCATENATE(O7, "-",O8) -> J3-J4 | Q8: 9.6
B9: A5 | C9: =CONCATENATE(B8," - ",B9) -> A4 - A5 | D9: 9.6 | E9: Left/Right | G9: C5 | H9: =CONCATENATE(G8, "-",G9) -> C4-C5 | I9: 9.6 | K9: G5 | L9: =CONCATENATE(K8, "-",K9) -> G4-G5 | M9: 9.6 | O9: J5 | P9: =CONCATENATE(O8, "-",O9) -> J4-J5 | Q9: 9.6
B10: A6 | C10: =CONCATENATE(B9," - ",B10) -> A5 - A6 | D10: 9.6 | E10: Left/Right | G10: C6 | H10: =CONCATENATE(G9, "-",G10) -> C5-C6 | I10: 9.6 | K10: G6 | L10: =CONCATENATE(K9, "-",K10) -> G5-G6 | M10: 9.6 | O10: J6 | P10: =CONCATENATE(O9, "-",O10) -> J5-J6 | Q10: 9.6
B11: A7 | C11: =CONCATENATE(B10," - ",B11) -> A6 - A7 | D11: 9.6 | E11: Left/Right | G11: C7 | H11: =CONCATENATE(G10, "-",G11) -> C6-C7 | I11: 9.6 | K11: G7 | L11: =CONCATENATE(K10, "-",K11) -> G6-G7 | M11: 9.6 | O11: J7 | P11: =CONCATENATE(O10, "-",O11) -> J6-J7 | Q11: 9.6
B12: A8 | C12: =CONCATENATE(B11," - ",B12) -> A7 - A8 | D12: 9.6 | E12: Left/Right | G12: C8 | H12: =CONCATENATE(G11, "-",G12) -> C7-C8 | I12: 9.6 | K12: G8 | L12: =CONCATENATE(K11, "-",K12) -> G7-G8 | M12: 9.6 | O12: J8 | P12: =CONCATENATE(O11, "-",O12) -> J7-J8 | Q12: 9.6
B13: A9 | C13: =CONCATENATE(B12," - ",B13) -> A8 - A9 | D13: 9.6 | E13: Left/Right | G13: C9 | H13: =CONCATENATE(G12, "-",G13) -> C8-C9 | I13: =AVERAGE(4.19) -> 4.19 | K13: G9 | L13: =CONCATENATE(K12, "-",K13) -> G8-G9 | M13: 9.6 | O13: J9 | P13: =CONCATENATE(O12, "-",O13) -> J8-J9 | Q13: 9.6
B14: A10 | C14: =CONCATENATE(B13," - ",B14) -> A9 - A10 | D14: 9.6 | E14: Left/Right | G14: C10 | H14: =CONCATENATE(G13, "-",G14) -> C9-C10 | I14: 9.6 | K14: G10 | L14: =CONCATENATE(K13, "-",K14) -> G9-G10 | M14: 9.6 | O14: J10 | P14: =CONCATENATE(O13, "-",O14) -> J9-J10 | Q14: 7.17
B15: A11 | C15: =CONCATENATE(B14," - ",B15) -> A10 - A11 | D15: 9.6 | E15: Left/Right | G15: C11 | H15: =CONCATENATE(G14, "-",G15) -> C10-C11 | I15: 9.6 | K15: G11 | L15: =CONCATENATE(K14, "-",K15) -> G10-G11 | M15: 9.6 | O15: J11 | P15: =CONCATENATE(O14, "-",O15) -> J10-J11 | Q15: 9.6
B16: A12 | C16: =CONCATENATE(B15," - ",B16) -> A11 - A12 | D16: 9.6 | E16: Left/Right | G16: C12 | H16: =CONCATENATE(G15, "-",G16) -> C11-C12 | I16: 9.6 | K16: G12 | L16: =CONCATENATE(K15, "-",K16) -> G11-G12 | M16: 9.6 | O16: J12 | P16: =CONCATENATE(O15, "-",O16) -> J11-J12 | Q16: 9.6
B17: A13 | C17: =CONCATENATE(B16," - ",B17) -> A12 - A13 | D17: 9.6 | E17: Left/Right | G17: C13 | H17: =CONCATENATE(G16, "-",G17) -> C12-C13 | I17: 9.6 | K17: G13 | L17: =CONCATENATE(K16, "-",K17) -> G12-G13 | O17: J13 | P17: =CONCATENATE(O16, "-",O17) -> J12-J13 | Q17: 9.6
B18: A14 | C18: =CONCATENATE(B17," - ",B18) -> A13 - A14 | D18: 9.6 | E18: Left/Right | G18: C14 | H18: =CONCATENATE(G17, "-",G18) -> C13-C14 | I18: 9.6 | K18: G14 | L18: =CONCATENATE(K17, "-",K18) -> G13-G14 | O18: J14 | P18: =CONCATENATE(O17, "-",O18) -> J13-J14 | Q18: 9.6
B19: A15 | C19: =CONCATENATE(B18," - ",B19) -> A14 - A15 | D19: 9.6 | E19: Left/Right | G19: C15 | H19: =CONCATENATE(G18, "-",G19) -> C14-C15 | I19: =AVERAGE(8.31) -> 8.31 | K19: G15 | L19: =CONCATENATE(K18, "-",K19) -> G14-G15 | O19: J15 | P19: =CONCATENATE(O18, "-",O19) -> J14-J15 | Q19: 9.6
B20: A16 | C20: =CONCATENATE(B19," - ",B20) -> A15 - A16 | D20: 9.6 | E20: Left/Right | G20: C16 | H20: =CONCATENATE(G19, "-",G20) -> C15-C16 | I20: 9.6 | K20: G16 | L20: =CONCATENATE(K19, "-",K20) -> G15-G16 | M20: 9.6 | O20: J16 | P20: =CONCATENATE(O19, "-",O20) -> J15-J16 | Q20: 9.6
B21: A17 | C21: =CONCATENATE(B20," - ",B21) -> A16 - A17 | D21: 9.6 | E21: Left/Right | G21: C17 | H21: =CONCATENATE(G20, "-",G21) -> C16-C17 | I21: 9.6 | K21: G17 | L21: =CONCATENATE(K20, "-",K21) -> G16-G17 | M21: 9.6 | O21: J17 | P21: =CONCATENATE(O20, "-",O21) -> J16-J17 | Q21: 9.6
B22: A18 | C22: =CONCATENATE(B21," - ",B22) -> A17 - A18 | D22: 9.6 | E22: Left/Right | G22: C18 | H22: =CONCATENATE(G21, "-",G22) -> C17-C18 | I22: 9.6 | K22: G18 | L22: =CONCATENATE(K21, "-",K22) -> G17-G18 | M22: 9.6 | O22: J18 | P22: =CONCATENATE(O21, "-",O22) -> J17-J18 | Q22: 9.6
B23: A19 | C23: =CONCATENATE(B22," - ",B23) -> A18 - A19 | D23: 9.6 | E23: Left/Right | G23: C19 | H23: =CONCATENATE(G22, "-",G23) -> C18-C19 | I23: 9.6 | K23: G19 | L23: =CONCATENATE(K22, "-",K23) -> G18-G19 | M23: 9.6 | O23: J19 | P23: =CONCATENATE(O22, "-",O23) -> J18-J19 | Q23: 9.6
B24: A20 | C24: =CONCATENATE(B23," - ",B24) -> A19 - A20 | D24: 9.6 | E24: Left/Right | G24: C20 | H24: =CONCATENATE(G23, "-",G24) -> C19-C20 | I24: 9.6 | K24: G20 | L24: =CONCATENATE(K23, "-",K24) -> G19-G20 | M24: 9.6 | O24: J20 | P24: =CONCATENATE(O23, "-",O24) -> J19-J20 | Q24: 9.6
B25: A21 | C25: =CONCATENATE(B24," - ",B25) -> A20 - A21 | D25: 9.6 | E25: Left/Right | G25: C21 | H25: =CONCATENATE(G24, "-",G25) -> C20-C21 | I25: 9.6 | K25: G21 | L25: =CONCATENATE(K24, "-",K25) -> G20-G21 | M25: 9.6 | O25: J21 | P25: =CONCATENATE(O24, "-",O25) -> J20-J21 | Q25: 9.6
B26: A22 | C26: =CONCATENATE(B25," - ",B26) -> A21 - A22 | D26: 9.6 | E26: Left/Right | G26: C22 | H26: =CONCATENATE(G25, "-",G26) -> C21-C22 | I26: 9.6 | K26: G22 | L26: =CONCATENATE(K25, "-",K26) -> G21-G22 | M26: 9.6 | O26: J22 | P26: =CONCATENATE(O25, "-",O26) -> J21-J22 | Q26: 9.6
B27: A23 | C27: =CONCATENATE(B26," - ",B27) -> A22 - A23 | D27: 9.6 | E27: Left/Right | G27: C23 | H27: =CONCATENATE(G26, "-",G27) -> C22-C23 | I27: 9.6 | K27: G23 | L27: =CONCATENATE(K26, "-",K27) -> G22-G23 | M27: 9.6 | O27: J23 | P27: =CONCATENATE(O26, "-",O27) -> J22-J23 | Q27: 9.6
B28: A24 | C28: =CONCATENATE(B27," - ",B28) -> A23 - A24 | D28: 9.6 | E28: Left/Right | G28: C24 | H28: =CONCATENATE(G27, "-",G28) -> C23-C24 | I28: 9.6 | K28: G24 | L28: =CONCATENATE(K27, "-",K28) -> G23-G24 | M28: 9.6 | O28: J24 | P28: =CONCATENATE(O27, "-",O28) -> J23-J24 | Q28: 9.6
B29: A25 | C29: =CONCATENATE(B28," - ",B29) -> A24 - A25 | D29: 9.6 | E29: Left/Right | G29: C25 | H29: =CONCATENATE(G28, "-",G29) -> C24-C25 | I29: 9.6 | K29: G25 | L29: =CONCATENATE(K28, "-",K29) -> G24-G25 | O29: J25 | P29: =CONCATENATE(O28, "-",O29) -> J24-J25 | Q29: 9.6
B30: A26 | C30: =CONCATENATE(B29," - ",B30) -> A25 - A26 | D30: 9.6 | E30: Left/Right | G30: C26 | H30: =CONCATENATE(G29, "-",G30) -> C25-C26 | I30: 9.6 | K30: G26 | L30: =CONCATENATE(K29, "-",K30) -> G25-G26 | O30: J26 | P30: =CONCATENATE(O29, "-",O30) -> J25-J26 | Q30: 9.6
B31: A27 | C31: =CONCATENATE(B30," - ",B31) -> A26 - A27 | D31: 9.6 | E31: Left/Right | G31: C27 | H31: =CONCATENATE(G30, "-",G31) -> C26-C27 | I31: 9.6 | K31: G27 | L31: =CONCATENATE(K30, "-",K31) -> G26-G27 | O31: J27 | P31: =CONCATENATE(O30, "-",O31) -> J26-J27 | Q31: 9.6
B32: A28 | C32: =CONCATENATE(B31," - ",B32) -> A27 - A28 | D32: 9.6 | E32: Left/Right | G32: C28 | H32: =CONCATENATE(G31, "-",G32) -> C27-C28 | I32: 9.6 | K32: G28 | L32: =CONCATENATE(K31, "-",K32) -> G27-G28 | O32: J28 | P32: =CONCATENATE(O31, "-",O32) -> J27-J28 | Q32: 9.6
B33: A29 | C33: =CONCATENATE(B32," - ",B33) -> A28 - A29 | D33: 9.6 | E33: Left/Right | G33: C29 | H33: =CONCATENATE(G32, "-",G33) -> C28-C29 | I33: 9.6 | K33: G29 | L33: =CONCATENATE(K32, "-",K33) -> G28-G29 | M33: 6.01 | O33: J29 | P33: =CONCATENATE(O32, "-",O33) -> J28-J29 | Q33: 9.6
B34: A30 | C34: =CONCATENATE(B33," - ",B34) -> A29 - A30 | D34: 9.6 | E34: Left/Right | G34: C30 | H34: =CONCATENATE(G33, "-",G34) -> C29-C30 | I34: 9.6 | K34: G30 | L34: =CONCATENATE(K33, "-",K34) -> G29-G30 | M34: 9.6 | O34: J30 | P34: =CONCATENATE(O33, "-",O34) -> J29-J30 | Q34: 9.6
B35: A31 | C35: =CONCATENATE(B34," - ",B35) -> A30 - A31 | D35: 9.6 | E35: Left/Right | G35: C31 | H35: =CONCATENATE(G34, "-",G35) -> C30-C31 | I35: 9.6 | K35: G31 | L35: =CONCATENATE(K34, "-",K35) -> G30-G31 | M35: 9.6 | O35: J31 | P35: =CONCATENATE(O34, "-",O35) -> J30-J31 | Q35: 9.6
B36: A32 | C36: =CONCATENATE(B35," - ",B36) -> A31 - A32 | D36: 9.6 | E36: Left/Right | G36: C32 | H36: =CONCATENATE(G35, "-",G36) -> C31-C32 | I36: 9.6 | K36: G32 | L36: =CONCATENATE(K35, "-",K36) -> G31-G32 | M36: 9.6 | O36: J32 | P36: =CONCATENATE(O35, "-",O36) -> J31-J32 | Q36: 9.6
B37: A33 | C37: =CONCATENATE(B36," - ",B37) -> A32 - A33 | D37: 9.6 | E37: Left/Right | G37: C33 | H37: =CONCATENATE(G36, "-",G37) -> C32-C33 | I37: 9.6 | K37: G33 | L37: =CONCATENATE(K36, "-",K37) -> G32-G33 | M37: 9.6 | O37: J33 | P37: =CONCATENATE(O36, "-",O37) -> J32-J33 | Q37: 9.6
B38: A34 | C38: =CONCATENATE(B37," - ",B38) -> A33 - A34 | D38: 9.6 | E38: Left/Right | G38: C34 | H38: =CONCATENATE(G37, "-",G38) -> C33-C34 | I38: 9.6 | K38: Total (Rm) | M38: =SUM(M5:M37) -> 232.01 | O38: J34 | P38: =CONCATENATE(O37, "-",O38) -> J33-J34 | Q38: 9.6
B39: A35 | C39: =CONCATENATE(B38," - ",B39) -> A34 - A35 | D39: 9.6 | E39: Left/Right | G39: C35 | H39: =CONCATENATE(G38, "-",G39) -> C34-C35 | I39: 2.4 | K39: B | L39: Temporary Jetty | O39: J35 | P39: =CONCATENATE(O38, "-",O39) -> J34-J35 | Q39: 9.6
B40: A36 | C40: =CONCATENATE(B39," - ",B40) -> A35 - A36 | D40: 9.6 | E40: Left/Right | G40: C36 | H40: =CONCATENATE(G39, "-",G40) -> C35-C36 | I40: 9.6 | K40: G34 | O40: J36 | P40: =CONCATENATE(O39, "-",O40) -> J35-J36 | Q40: 9.6
B41: A37 | C41: =CONCATENATE(B40," - ",B41) -> A36 - A37 | D41: 9.6 | E41: Left/Right | G41: Total (Rm) | I41: =SUM(I6:I40) -> 319.91 | K41: G35 | L41: =CONCATENATE(K40, "-",K41) -> G34-G35 | M41: 5.86 | O41: J37 | P41: =CONCATENATE(O40, "-",O41) -> J36-J37 | Q41: 9.6
B42: A38 | C42: =CONCATENATE(B41," - ",B42) -> A37 - A38 | D42: 9.6 | E42: Left/Right | G42: B | H42: Platform In Marine / Creek | K42: G36 | L42: =CONCATENATE(K41, "-",K42) -> G35-G36 | M42: 4.5 | O42: J38 | P42: =CONCATENATE(O41, "-",O42) -> J37-J38 | Q42: 9.6
B43: A39 | C43: =CONCATENATE(B42," - ",B43) -> A38 - A39 | D43: 9.6 | E43: Left/Right | G43: C37 | H43: =CONCATENATE(G40, "-",G43) -> C36-C37 | I43: 5.6 | K43: G37 | L43: =CONCATENATE(K42, "-",K43) -> G36-G37 | M43: 9.6 | O43: J39 | P43: =CONCATENATE(O42, "-",O43) -> J38-J39 | Q43: 9.6
B44: A40 | C44: =CONCATENATE(B43," - ",B44) -> A39 - A40 | D44: 9.6 | E44: Left/Right | G44: C38 | H44: =CONCATENATE(G43, "-",G44) -> C37-C38 | I44: 9.6 | K44: G38 | L44: =CONCATENATE(K43, "-",K44) -> G37-G38 | M44: 9.6 | O44: J40 | P44: =CONCATENATE(O43, "-",O44) -> J39-J40 | Q44: 9.6
B45: A41 | C45: =CONCATENATE(B44," - ",B45) -> A40 - A41 | D45: 9.6 | E45: Left/Right | G45: C39 | H45: =CONCATENATE(G44, "-",G45) -> C38-C39 | I45: 9.6 | K45: G39 | L45: =CONCATENATE(K44, "-",K45) -> G38-G39 | M45: 9.6 | O45: Total (Rm) | Q45: =SUM(Q5:Q44) -> 371.97
B46: A42 | C46: =CONCATENATE(B45," - ",B46) -> A41 - A42 | D46: 9.6 | E46: Left/Right | G46: C40 | H46: =CONCATENATE(G45, "-",G46) -> C39-C40 | I46: 9.6 | K46: G40 | L46: =CONCATENATE(K45, "-",K46) -> G39-G40 | M46: 8.98
B47: A43 | C47: =CONCATENATE(B46," - ",B47) -> A42 - A43 | D47: 9.6 | E47: Left/Right | G47: C41 | H47: =CONCATENATE(G46, "-",G47) -> C40-C41 | I47: 9.6 | K47: G41 | L47: =CONCATENATE(K46, "-",K47) -> G40-G41 | M47: 9.6
B48: A44 | C48: =CONCATENATE(B47," - ",B48) -> A43 - A44 | D48: 9.6 | E48: Left/Right | G48: C42 | H48: =CONCATENATE(G47, "-",G48) -> C41-C42 | I48: 9.6 | K48: G42 | L48: =CONCATENATE(K47, "-",K48) -> G41-G42 | M48: 9.6
B49: A45 | C49: =CONCATENATE(B48," - ",B49) -> A44 - A45 | D49: 9.6 | E49: Left/Right | G49: C43 | H49: =CONCATENATE(G48, "-",G49) -> C42-C43 | I49: 9.6 | K49: G43 | L49: =CONCATENATE(K48, "-",K49) -> G42-G43 | M49: 9.6
B50: A46 | C50: =CONCATENATE(B49," - ",B50) -> A45 - A46 | D50: 9.6 | E50: Left/Right | G50: C44 | H50: =CONCATENATE(G49, "-",G50) -> C43-C44 | I50: 9.6 | K50: G44 | L50: =CONCATENATE(K49, "-",K50) -> G43-G44 | M50: 9.6
B51: A47 | C51: =CONCATENATE(B50," - ",B51) -> A46 - A47 | D51: 9.6 | E51: Left/Right | G51: C45 | H51: =CONCATENATE(G50, "-",G51) -> C44-C45 | I51: 9.6 | K51: G45 | L51: =CONCATENATE(K50, "-",K51) -> G44-G45 | M51: 9.6
B52: A48 | C52: =CONCATENATE(B51," - ",B52) -> A47 - A48 | D52: 9.6 | E52: Left/Right | G52: C46 | H52: =CONCATENATE(G51, "-",G52) -> C45-C46 | I52: 9.6 | K52: G46 | L52: =CONCATENATE(K51, "-",K52) -> G45-G46 | M52: 9.6
B53: A49 | C53: =CONCATENATE(B52," - ",B53) -> A48 - A49 | D53: 9.6 | E53: Left/Right | G53: C47 | H53: =CONCATENATE(G52, "-",G53) -> C46-C47 | I53: 9.6 | K53: G47 | L53: =CONCATENATE(K52, "-",K53) -> G46-G47 | M53: 9.6
B54: A50 | C54: =CONCATENATE(B53," - ",B54) -> A49 - A50 | D54: 9.6 | E54: Left/Right | G54: C48 | H54: =CONCATENATE(G53, "-",G54) -> C47-C48 | I54: 9.6 | K54: G48 | L54: =CONCATENATE(K53, "-",K54) -> G47-G48 | M54: 9.6
B55: A51 | C55: =CONCATENATE(B54," - ",B55) -> A50 - A51 | D55: 9.6 | E55: Left/Right | G55: C49 | H55: =CONCATENATE(G54, "-",G55) -> C48-C49 | I55: 9.6 | K55: G49 | L55: =CONCATENATE(K54, "-",K55) -> G48-G49 | M55: 9.6
B56: A52 | C56: =CONCATENATE(B55," - ",B56) -> A51 - A52 | D56: 9.6 | E56: Left/Right | G56: C50 | H56: =CONCATENATE(G55, "-",G56) -> C49-C50 | I56: 9.6 | K56: G50 | L56: =CONCATENATE(K55, "-",K56) -> G49-G50 | M56: 9.6
B57: A53 | C57: =CONCATENATE(B56," - ",B57) -> A52 - A53 | D57: 9.6 | E57: Left/Right | G57: C51 | H57: =CONCATENATE(G56, "-",G57) -> C50-C51 | I57: 9.6 | K57: G51 | L57: =CONCATENATE(K56, "-",K57) -> G50-G51 | M57: 9.6
... B74: A70 | C74: =CONCATENATE(B73," - ",B74) -> A69 - A70 | D74: 9.6 | E74: Left/Right | G74: C68 | H74: =CONCATENATE(G73, "-",G74) -> C67-C68 | I74: 9.6 | K74: G68 | L74: =CONCATENATE(K73, "-",K74) -> G67-G68 | M74: 9.6
B75: A71 | C75: =CONCATENATE(B74," - ",B75) -> A70 - A71 | D75: 9.6 | E75: Left/Right | G75: C69 | H75: =CONCATENATE(G74, "-",G75) -> C68-C69 | K75: G69 | L75: =CONCATENATE(K74, "-",K75) -> G68-G69 | M75: 2.4
B76: A72 | C76: =CONCATENATE(B75," - ",B76) -> A71 - A72 | D76: 9.6 | E76: Left/Right | G76: C70 | H76: =CONCATENATE(G75, "-",G76) -> C69-C70 | K76: G70 | L76: =CONCATENATE(K75, "-",K76) -> G69-G70 | M76: 9.6
B77: A73 | C77: =CONCATENATE(B76," - ",B77) -> A72 - A73 | D77: 9.6 | E77: Left/Right | G77: C71 | H77: =CONCATENATE(G76, "-",G77) -> C70-C71 | K77: G71 | L77: =CONCATENATE(K76, "-",K77) -> G70-G71 | M77: 2.06
B78: A74 | C78: =CONCATENATE(B77," - ",B78) -> A73 - A74 | D78: 9.6 | E78: Left/Right | G78: C72 | H78: =CONCATENATE(G77, "-",G78) -> C71-C72 | K78: G72 | L78: =CONCATENATE(K77, "-",K78) -> G71-G72 | M78: 8.7
B79: A75 | C79: =CONCATENATE(B78," - ",B79) -> A74 - A75 | D79: 9.6 | E79: Left/Right | G79: C73 | H79: =CONCATENATE(G78, "-",G79) -> C72-C73 | I79: 4.88 | K79: G73 | L79: =CONCATENATE(K78, "-",K79) -> G72-G73 | M79: 9.6
B80: A76 | C80: =CONCATENATE(B79," - ",B80) -> A75 - A76 | D80: 9.6 | E80: Left/Right | G80: C74 | H80: =CONCATENATE(G79, "-",G80) -> C73-C74 | I80: 9.6 | K80: G74 | L80: =CONCATENATE(K79, "-",K80) -> G73-G74 | M80: 9.6
B81: A77 | C81: =CONCATENATE(B80," - ",B81) -> A76 - A77 | D81: 9.6 | E81: Left/Right | G81: C75 | H81: =CONCATENATE(G80, "-",G81) -> C74-C75 | I81: 9.6 | K81: G75 | L81: =CONCATENATE(K80, "-",K81) -> G74-G75 | M81: 9.6
G82: C76 | H82: =CONCATENATE(G81, "-",G82) -> C75-C76 | I82: 9.6 | K82: G76 | L82: =CONCATENATE(K81, "-",K82) -> G75-G76 | M82: 9.6
B83: A78 | G83: C77 | H83: =CONCATENATE(G82, "-",G83) -> C76-C77 | I83: 9.6 | K83: G77 | L83: =CONCATENATE(K82, "-",K83) -> G76-G77 | M83: 9.6
B84: A79 | C84: =CONCATENATE(B83," - ",B84) -> A78 - A79 | D84: 9.6 | G84: C78 | H84: =CONCATENATE(G83, "-",G84) -> C77-C78 | I84: 9.6 | K84: G78 | L84: =CONCATENATE(K83, "-",K84) -> G77-G78 | M84: 9.6
B85: A80 | C85: =CONCATENATE(B84," - ",B85) -> A79 - A80 | D85: 9.6 | G85: C79 | H85: =CONCATENATE(G84, "-",G85) -> C78-C79 | I85: 9.6 | K85: G79 | L85: =CONCATENATE(K84, "-",K85) -> G78-G79 | M85: 9.6
B86: A81 | C86: =CONCATENATE(B85," - ",B86) -> A80 - A81 | D86: 9.6 | G86: C80 | H86: =CONCATENATE(G85, "-",G86) -> C79-C80 | I86: 9.6 | K86: G80 | L86: =CONCATENATE(K85, "-",K86) -> G79-G80 | M86: 9.6
B87: A82 | C87: =CONCATENATE(B86," - ",B87) -> A81 - A82 | D87: 9.6 | G87: C81 | H87: =CONCATENATE(G86, "-",G87) -> C80-C81 | I87: 9.6 | K87: G81 | L87: =CONCATENATE(K86, "-",K87) -> G80-G81 | M87: 9.6
B88: A83 | C88: =CONCATENATE(B87," - ",B88) -> A82 - A83 | D88: 9.6 | G88: C82 | H88: =CONCATENATE(G87, "-",G88) -> C81-C82 | I88: 9.6 | K88: G82 | L88: =CONCATENATE(K87, "-",K88) -> G81-G82 | M88: 9.6
B89: A84 | C89: =CONCATENATE(B88," - ",B89) -> A83 - A84 | D89: 9.6 | G89: C83 | H89: =CONCATENATE(G88, "-",G89) -> C82-C83 | I89: 9.6 | K89: G83 | L89: =CONCATENATE(K88, "-",K89) -> G82-G83 | M89: 9.6
B90: A85 | C90: =CONCATENATE(B89," - ",B90) -> A84 - A85 | D90: 9.6 | G90: C84 | H90: =CONCATENATE(G89, "-",G90) -> C83-C84 | I90: 9.6 | K90: G84 | L90: =CONCATENATE(K89, "-",K90) -> G83-G84 | M90: 9.6
B91: A86 | C91: =CONCATENATE(B90," - ",B91) -> A85 - A86 | D91: 9.6 | G91: C85 | H91: =CONCATENATE(G90, "-",G91) -> C84-C85 | I91: 6.82 | K91: G85 | L91: =CONCATENATE(K90, "-",K91) -> G84-G85 | M91: 9.6
B92: A87 | C92: =CONCATENATE(B91," - ",B92) -> A86 - A87 | D92: 9.6 | G92: C86 | H92: =CONCATENATE(G91, "-",G92) -> C85-C86 | K92: G86 | L92: =CONCATENATE(K91, "-",K92) -> G85-G86 | M92: 9.6
B93: A88 | C93: =CONCATENATE(B92," - ",B93) -> A87 - A88 | D93: 9.6 | G93: C87 | H93: =CONCATENATE(G92, "-",G93) -> C86-C87 | K93: G87 | L93: =CONCATENATE(K92, "-",K93) -> G86-G87 | M93: 9.6
B94: A89 | C94: =CONCATENATE(B93," - ",B94) -> A88 - A89 | D94: 9.6 | G94: C88 | H94: =CONCATENATE(G93, "-",G94) -> C87-C88 | K94: G88 | L94: =CONCATENATE(K93, "-",K94) -> G87-G88 | M94: 9.6
B95: A90 | C95: =CONCATENATE(B94," - ",B95) -> A89 - A90 | D95: 9.6 | G95: C89 | H95: =CONCATENATE(G94, "-",G95) -> C88-C89 | K95: G89 | L95: =CONCATENATE(K94, "-",K95) -> G88-G89 | M95: 9.6
B96: A91 | C96: =CONCATENATE(B95," - ",B96) -> A90 - A91 | D96: 9.6 | G96: C90 | H96: =CONCATENATE(G95, "-",G96) -> C89-C90 | K96: G90 | L96: =CONCATENATE(K95, "-",K96) -> G89-G90 | M96: 9.6
B97: A92 | C97: =CONCATENATE(B96," - ",B97) -> A91 - A92 | D97: 9.6 | G97: C91 | H97: =CONCATENATE(G96, "-",G97) -> C90-C91 | I97: 9.6 | K97: G91 | L97: =CONCATENATE(K96, "-",K97) -> G90-G91 | M97: 9.6
B98: A93 | C98: =CONCATENATE(B97," - ",B98) -> A92 - A93 | D98: 9.6 | G98: C92 | H98: =CONCATENATE(G97, "-",G98) -> C91-C92 | I98: 9.6 | K98: G92 | L98: =CONCATENATE(K97, "-",K98) -> G91-G92 | M98: 9.6
B99: A94 | C99: =CONCATENATE(B98," - ",B99) -> A93 - A94 | D99: 9.6 | G99: C93 | H99: =CONCATENATE(G98, "-",G99) -> C92-C93 | I99: 9.6 | K99: G93 | L99: =CONCATENATE(K98, "-",K99) -> G92-G93 | M99: 9.6
B100: A95 | C100: =CONCATENATE(B99," - ",B100) -> A94 - A95 | D100: 9.6 | G100: C94 | H100: =CONCATENATE(G99, "-",G100) -> C93-C94 | I100: 9.6 | K100: G94 | L100: =CONCATENATE(K99, "-",K100) -> G93-G94 | M100: 9.6
B101: A96 | C101: =CONCATENATE(B100," - ",B101) -> A95 - A96 | D101: 9.6 | G101: C95 | H101: =CONCATENATE(G100, "-",G101) -> C94-C95 | I101: 9.6 | K101: G95 | L101: =CONCATENATE(K100, "-",K101) -> G94-G95 | M101: 9.6
B102: A97 | C102: =CONCATENATE(B101," - ",B102) -> A96 - A97 | D102: 9.6 | G102: C96 | H102: =CONCATENATE(G101, "-",G102) -> C95-C96 | I102: 9.6 | K102: G96 | L102: =CONCATENATE(K101, "-",K102) -> G95-G96 | M102: 8.63
B103: A98 | C103: =CONCATENATE(B102," - ",B103) -> A97 - A98 | D103: 9.6 | G103: C97 | H103: =CONCATENATE(G102, "-",G103) -> C96-C97 | I103: 9.6 | K103: G97 | L103: =CONCATENATE(K102, "-",K103) -> G96-G97 | M103: 9.6
B104: A99 | C104: =CONCATENATE(B103," - ",B104) -> A98 - A99 | D104: 9.6 | G104: C98 | H104: =CONCATENATE(G103, "-",G104) -> C97-C98 | I104: 9.6 | K104: G98 | L104: =CONCATENATE(K103, "-",K104) -> G97-G98 | M104: 9.6
B105: A100 | C105: =CONCATENATE(B104," - ",B105) -> A99 - A100 | D105: 9.6 | G105: C99 | H105: =CONCATENATE(G104, "-",G105) -> C98-C99 | I105: 9.6 | K105: G99 | L105: =CONCATENATE(K104, "-",K105) -> G98-G99 | M105: 9.6
B106: A101 | C106: =CONCATENATE(B105," - ",B106) -> A100 - A101 | D106: 9.6 | G106: C100 | H106: =CONCATENATE(G105, "-",G106) -> C99-C100 | I106: 9.6 | K106: G100 | L106: =CONCATENATE(K105, "-",K106) -> G99-G100 | M106: 9.6
B107: A102 | C107: =CONCATENATE(B106," - ",B107) -> A101 - A102 | D107: 9.6 | G107: C101 | H107: =CONCATENATE(G106, "-",G107) -> C100-C101 | I107: 9.6 | K107: G101 | L107: =CONCATENATE(K106, "-",K107) -> G100-G101 | M107: 9.6
B108: A103 | C108: =CONCATENATE(B107," - ",B108) -> A102 - A103 | D108: 9.6 | G108: C102 | H108: =CONCATENATE(G107, "-",G108) -> C101-C102 | I108: 9.6 | K108: G102 | L108: =CONCATENATE(K107, "-",K108) -> G101-G102 | M108: 9.6
... B110: A105 | C110: =CONCATENATE(B109," - ",B110) -> A104 - A105 | D110: 9.6 | G110: C104 | H110: =CONCATENATE(G109, "-",G110) -> C103-C104 | I110: 9.6 | K110: G104 | L110: =CONCATENATE(K109, "-",K110) -> G103-G104 | M110: 9.6
B111: A106 | C111: =CONCATENATE(B110," - ",B111) -> A105 - A106 | D111: 9.6 | G111: C105 | H111: =CONCATENATE(G110, "-",G111) -> C104-C105 | K111: G105 | L111: =CONCATENATE(K110, "-",K111) -> G104-G105 | M111: 9.6
B112: A107 | C112: =CONCATENATE(B111," - ",B112) -> A106 - A107 | D112: 9.6 | G112: C106 | H112: =CONCATENATE(G111, "-",G112) -> C105-C106 | K112: G106 | L112: =CONCATENATE(K111, "-",K112) -> G105-G106 | M112: 9.6
B113: A108 | C113: =CONCATENATE(B112," - ",B113) -> A107 - A108 | D113: 9.6 | G113: C107 | H113: =CONCATENATE(G112, "-",G113) -> C106-C107 | I113: 9.6 | K113: G107 | L113: =CONCATENATE(K112, "-",K113) -> G106-G107 | M113: 9.6
B114: A109 | C114: =CONCATENATE(B113," - ",B114) -> A108 - A109 | D114: 9.6 | G114: C108 | H114: =CONCATENATE(G113, "-",G114) -> C107-C108 | I114: 9.6 | K114: G108 | L114: =CONCATENATE(K113, "-",K114) -> G107-G108 | M114: 9.6
B115: A110 | C115: =CONCATENATE(B114," - ",B115) -> A109 - A110 | D115: 9.6 | G115: C109 | H115: =CONCATENATE(G114, "-",G115) -> C108-C109 | I115: 9.6 | K115: G109 | L115: =CONCATENATE(K114, "-",K115) -> G108-G109 | M115: 9.6
B116: A111 | C116: =CONCATENATE(B115," - ",B116) -> A110 - A111 | D116: 9.6 | G116: C110 | H116: =CONCATENATE(G115, "-",G116) -> C109-C110 | I116: 9.6 | K116: G110 | L116: =CONCATENATE(K115, "-",K116) -> G109-G110 | M116: 9.6
B117: A112 | C117: =CONCATENATE(B116," - ",B117) -> A111 - A112 | D117: 9.6 | G117: C111 | H117: =CONCATENATE(G116, "-",G117) -> C110-C111 | I117: 9.6 | K117: G111 | L117: =CONCATENATE(K116, "-",K117) -> G110-G111 | M117: 9.6
...

Sheet Input 2
B2: Concrete Requisition Slip | D2: Details | E2: Refference Details
B3: 1 | C3: WIR / RFI no. | E3: --------- | F3: Input by site engineer
B4: =B3+1 -> 2 | C4: Location | E4: Casting Yard | F4: Input by site engineer
B5: =B4+1 -> 3 | C5: Structure Type | E5: Enabling | F5: Input by site engineer
B6: =B5+1 -> 4 | C6: Structure Name | E6: Gantry Track | F6: Input by site engineer
B7: =B6+1 -> 5 | C7: Concrete Grade | E7: M-30 | F7: Input by site engineer
B8: =B7+1 -> 6 | C8: Drawing No. | F8: Input by site engineer
B9: =B8+1 -> 7 | C9: Dimension as per Drawing | F9: Input by site engineer
B10: =B9+0.1 -> 7.1 | C10: Length of Structure (in m) | E10: 15 | F10: Input by site engineer
B11: =B10+0.1 -> 7.2 | C11: Width of Structure (in m) | E11: 3 | F11: Input by site engineer
B12: =B11+0.1 -> 7.3 | C12: Height of Structure (in m) | E12: 0.3 | F12: Input by site engineer
B13: =B12+0.1 -> 7.4 | C13: Diameter of Pile/Pier (in m) | F13: Input by site engineer | H13: pier cap?
B14: =B13+0.1 -> 7.5 | C14: Cross Section of Structure (in sqm) | E14: =IF(E6="Pile",PI()*E13/2,E11*E12) -> 0.9 | F14: Input by site engineer
B15: =B9+1 -> 8 | C15: Theoritical Qty (in cum) | E15: =E14*E10 -> 13.5 | F15: Input by site engineer
B16: =B15+1 -> 9 | C16: Dimension as per Actual at site | F16: Input by site engineer
B17: =B16+0.1 -> 9.1 | C17: Length of Structure (in m) | E17: 15 | F17: Input by site engineer
B18: =B17+0.1 -> 9.2 | C18: Width of Structure (in m) | E18: 3 | F18: Input by site engineer
B19: =B18+0.1 -> 9.3 | C19: Height of Structure (in m) | E19: 0.3 | F19: Input by site engineer
B20: =B19+0.1 -> 9.4 | C20: Diameter of Pile/Pier (in m) | E20: 1.5 | F20: Input by site engineer
B21: =B20+0.1 -> 9.5 | C21: Cross Section of Structure (in sqm) | E21: =IF(E6="Pile",PI()*E20/2,E18*E19) -> 0.9 | F21: Input by site engineer
B22: =B15+1 -> 9 | C22: Actual Qty (in cum) | E22: =E21*E17 -> 13.5 | F22: Input by site engineer
B23: =B22+1 -> 10 | C23: Qty Difference (in cum) | E23: =E15-E22 -> 0 | F23: Input by site engineer
B24: =B23+1 -> 11 | C24: Reason for difference | F24: Input by site engineer
B25: =B24+1 -> 12 | C25: Order Quantity (in cum) | E25: =E22 -> 13.5 | F25: Input by site engineer
B26: =B25+1 -> 13 | C26: Production Plant | E26: DHV CP 30 | F26: Input by Production team?
B27: =B26+1 -> 14 | C27: Time of Pour | E27: 11am | F27: Input by site engineer
B28: =B27+1 -> 15 | C28: Placement By | E28: Manual | F28: Input by site engineer
B29: =B28+1 -> 16 | C29: Contact Person / Engineer
B30: =B29+1 -> 17 | C30: Contact Number

Sheet Data Validation
B3: Production Plant | D3: Grade of Concrete | F3: Location | H3: Structure | J3: Component | L3: Placement by | N3: Pier lift | O3: Pier Cap | P3: Girder | Q3: Segment
C4: RMC | E4: M-10 | G4: Gorai IC | I4: Permanent | J4: Permanent | M4: Direct - Chute | N4: Starter | O4: Cast In Situ | T4: Dropdown
C5: CY CP 60 | E5: M-20 | G5: Charkop IC | I5: Enabling | K5: Pile | M5: Boom placer | N5: Lift 1 | O5: Precast | P5: Precast | Q5: Precast | T5: Hold
C6: DHV CP 60 | E6: M-25 | G6: Main Carraigeway | K6: Pile cap | N6: Lift 2 | T6: Proceed
E7: M-30 | G7: Casting Yard | K7: Pier | N7: Lift 3 | T7: Send Back
E8: M-45 | K8: Pier Cap | N8: Lift 4
E9: M-45P | K9: Segment
E10: M-50 | K10: I Girder
E11: M-55 | K11: Diaphragm
E12: M-60 | K12: Deck Slab
K13: Segment Stiching
K14: Voided Slab
K15: Pedestal
K16: Seismic Restrainer
K17: Crash Barrier
K18: Expansion Joint
K19: Steel Bridge
K20: Cable Stay Bridge
J22: Enabling | K22: Casting Yard
K23: Site Establishment
K24: Gantry Track
K25: Casting Bed
K26: Stacking Bed
K27: TAB
K28: Labor colony

Sheet Location Tracker
B3: Pricing Center | C3: Location | D3: Side | E3: Chainage | F3: Pier ID | G3: Span ID
B6: Main Alignment | C6: Main Viaduct | D6: LHS | E6: 11000 | F6: PL1B
B7: Main Alignment | C7: Main Viaduct | D7: LHS | E7: 11026.774 | F7: PL1A | G7: =CONCATENATE(F6,"-",F7) -> PL1B-PL1A
B8: Main Alignment | C8: Merging Span | D8: LHS | E8: 11053.549 | F8: PL1 | G8: =CONCATENATE(F7,"-",F8) -> PL1A-PL1
B9: Main Alignment | C9: Merging Span | D9: LHS | E9: 11094.176 | F9: PL2 | G9: =CONCATENATE(F8,"-",F9) -> PL1-PL2
B10: Main Alignment | C10: Merging Span | D10: LHS | E10: 11134.803 | F10: PL3 | G10: =CONCATENATE(F9,"-",F10) -> PL2-PL3
B11: Main Alignment | C11: Merging Span | D11: LHS | E11: 11175.431 | F11: PL4 | G11: =CONCATENATE(F10,"-",F11) -> PL3-PL4
B12: Main Alignment | C12: Main Viaduct | D12: LHS | E12: 11216.058 | F12: PL5 | G12: =CONCATENATE(F11,"-",F12) -> PL4-PL5
B13: Main Alignment | C13: Main Viaduct | D13: LHS | E13: 11256.686 | F13: PL6 | G13: =CONCATENATE(F12,"-",F13) -> PL5-PL6
B14: Main Alignment | C14: Main Viaduct | D14: LHS | E14: 11306.267 | F14: PL7 | G14: =CONCATENATE(F13,"-",F14) -> PL6-PL7
B15: Main Alignment | C15: Main Viaduct | D15: LHS | E15: 11355.85 | F15: PL8 | G15: =CONCATENATE(F14,"-",F15) -> PL7-PL8
B16: Main Alignment | C16: Merging Span | D16: LHS | E16: 11402.447 | F16: PL9 | G16: =CONCATENATE(F15,"-",F16) -> PL8-PL9
B17: Main Alignment | C17: Merging Span | D17: LHS | E17: 11446.059 | F17: PL10 | G17: =CONCATENATE(F16,"-",F17) -> PL9-PL10
B18: Main Alignment | C18: Merging Span | D18: LHS | E18: 11489.671 | F18: PL11 | G18: =CONCATENATE(F17,"-",F18) -> PL10-PL11
... B42: Main Alignment | C42: Main Viaduct | D42: LHS | E42: 12552.653 | F42: PL35 | G42: =CONCATENATE(F41,"-",F42) -> PL34-PL35
B43: Obligatory Span | C43: Basket Bridge | D43: LHS | E43: 12552.653 | F43: PL35
B44: Obligatory Span | C44: Basket Bridge | D44: LHS | E44: 12652.653 | F44: PL36 | G44: =CONCATENATE(F42,"-",F44) -> PL35-PL36
B45: Main Alignment | C45: Main Viaduct | D45: LHS | E45: 12652.653 | F45: PL36
B46: Main Alignment | C46: Main Viaduct | D46: LHS | E46: 12693.919 | F46: PL37 | G46: =CONCATENATE(F44,"-",F46) -> PL36-PL37
B47: Main Alignment | C47: Main Viaduct | D47: LHS | E47: 12734.905 | F47: PL38 | G47: =CONCATENATE(F46,"-",F47) -> PL37-PL38
B48: Main Alignment | C48: Main Viaduct | D48: LHS | E48: 12775.199 | F48: PL39 | G48: =CONCATENATE(F47,"-",F48) -> PL38-PL39
B49: Main Alignment | C49: Main Viaduct | D49: LHS | E49: 12816.182 | F49: PL40 | G49: =CONCATENATE(F48,"-",F49) -> PL39-PL40
B50: Main Alignment | C50: Main Viaduct | D50: LHS | E50: 12857.449 | F50: PL41 | G50: =CONCATENATE(F49,"-",F50) -> PL40-PL41
B51: Main Alignment | C51: Main Viaduct | D51: LHS | E51: 12907.449 | F51: PL42 | G51: =CONCATENATE(F50,"-",F51) -> PL41-PL42
B52: Main Alignment | C52: Main Viaduct | D52: LHS | E52: 12957.449 | F52: PL43 | G52: =CONCATENATE(F51,"-",F52) -> PL42-PL43
B53: Main Alignment | C53: Main Viaduct | D53: LHS | E53: 13007.449 | F53: PL44 | G53: =CONCATENATE(F52,"-",F53) -> PL43-PL44
B54: Main Alignment | C54: Main Viaduct | D54: LHS | E54: 13057.449 | F54: PL45 | G54: =CONCATENATE(F53,"-",F54) -> PL44-PL45
B55: Main Alignment | C55: Main Viaduct | D55: LHS | E55: 13107.449 | F55: PL46 | G55: =CONCATENATE(F54,"-",F55) -> PL45-PL46
B56: Main Alignment | C56: Main Viaduct | D56: LHS | E56: 13157.449 | F56: PL47 | G56: =CONCATENATE(F55,"-",F56) -> PL46-PL47
B57: Main Alignment | C57: Main Viaduct | D57: LHS | E57: 13207.449 | F57: PL48 | G57: =CONCATENATE(F56,"-",F57) -> PL47-PL48
B58: Main Alignment | C58: Main Viaduct | D58: LHS | E58: 13257.449 | F58: PL49 | G58: =CONCATENATE(F57,"-",F58) -> PL48-PL49
... B71: Obligatory Span | C71: Main Viaduct | D71: LHS | E71: 13828.928 | F71: PL62 | G71: =CONCATENATE(F70,"-",F71) -> PL61-PL62
B72: Obligatory Span | C72: Cable Stay Bridge | D72: LHS | E72: 13828.928 | F72: PL62
B73: Obligatory Span | C73: Cable Stay Bridge | D73: LHS | E73: 13903.928 | F73: PL63 | G73: =CONCATENATE(F71,"-",F73) -> PL62-PL63
B74: Obligatory Span | C74: Cable Stay Bridge | D74: LHS | E74: 14053.928 | F74: PL64 | G74: =CONCATENATE(F73,"-",F74) -> PL63-PL64
B75: Obligatory Span | C75: Cable Stay Bridge | D75: LHS | E75: 14128.928 | F75: PL65 | G75: =CONCATENATE(F74,"-",F75) -> PL64-PL65
B76: Obligatory Span | C76: Main Viaduct | D76: LHS | E76: 14128.928 | F76: PL65
B77: Main Alignment | C77: Main Viaduct | D77: LHS | E77: 14163.878 | F77: PL66 | G77: =CONCATENATE(F75,"-",F77) -> PL65-PL66
B78: Main Alignment | C78: Main Viaduct | D78: LHS | E78: 14198.828 | F78: PL67 | G78: =CONCATENATE(F77,"-",F78) -> PL66-PL67
B79: Main Alignment | C79: Main Viaduct | D79: LHS | E79: 14235.35 | F79: PL68 | G79: =CONCATENATE(F78,"-",F79) -> PL67-PL68
B80: Main Alignment | C80: Main Viaduct | D80: LHS | E80: 14273.31 | F80: PL69 | G80: =CONCATENATE(F79,"-",F80) -> PL68-PL69
B81: Main Alignment | C81: Merging Span | D81: LHS | E81: 14311.27 | F81: PL70 | G81: =CONCATENATE(F80,"-",F81) -> PL69-PL70
B82: Main Alignment | C82: Merging Span | D82: LHS | E82: 14349.23 | F82: PL71 | G82: =CONCATENATE(F81,"-",F82) -> PL70-PL71
B83: Main Alignment | C83: Merging Span | D83: LHS | E83: 14387.19 | F83: PL72 | G83: =CONCATENATE(F82,"-",F83) -> PL71-PL72
B84: Main Alignment | C84: Merging Span | D84: LHS | E84: 14425.15 | F84: PL73 | G84: =CONCATENATE(F83,"-",F84) -> PL72-PL73
B85: Main Alignment | C85: Main Viaduct | D85: LHS | E85: 14475.15 | F85: PL74 | G85: =CONCATENATE(F84,"-",F85) -> PL73-PL74
B86: Main Alignment | C86: Main Viaduct | D86: LHS | E86: 14525.15 | F86: PL75 | G86: =CONCATENATE(F85,"-",F86) -> PL74-PL75
B87: Main Alignment | C87: Merging Span | D87: LHS | E87: 14575.15 | F87: PL76 | G87: =CONCATENATE(F86,"-",F87) -> PL75-PL76
B88: Main Alignment | C88: Merging Span | D88: LHS | E88: 14616.12 | F88: PL77 | G88: =CONCATENATE(F87,"-",F88) -> PL76-PL77
B89: Main Alignment | C89: Merging Span | D89: LHS | E89: 14657.09 | F89: PL78 | G89: =CONCATENATE(F88,"-",F89) -> PL77-PL78
... B92: Main Alignment | C92: Merging Span | D92: LHS | E92: 14780 | F92: PL81 | G92: =CONCATENATE(F91,"-",F92) -> PL80-PL81
B94: Main Alignment | C94: Merging Span | D94: RHS | E94: 11000 | F94: PR1B
B95: Main Alignment | C95: Merging Span | D95: RHS | E95: 11026.774 | F95: PR1A | G95: =CONCATENATE(F94,"-",F95) -> PR1B-PR1A
B96: Main Alignment | C96: Merging Span | D96: RHS | E96: 11053.549 | F96: PR1 | G96: =CONCATENATE(F95,"-",F96) -> PR1A-PR1
B97: Main Alignment | C97: Merging Span | D97: RHS | E97: 11094.176 | F97: PR2 | G97: =CONCATENATE(F96,"-",F97) -> PR1-PR2
B98: Main Alignment | C98: Merging Span | D98: RHS | E98: 11134.803 | F98: PR3 | G98: =CONCATENATE(F97,"-",F98) -> PR2-PR3
B99: Main Alignment | C99: Merging Span | D99: RHS | E99: 11175.431 | F99: PR4 | G99: =CONCATENATE(F98,"-",F99) -> PR3-PR4
B100: Main Alignment | C100: Merging Span | D100: RHS | E100: 11216.058 | F100: PR5 | G100: =CONCATENATE(F99,"-",F100) -> PR4-PR5
B101: Main Alignment | C101: Merging Span | D101: RHS | E101: 11256.686 | F101: PR6 | G101: =CONCATENATE(F100,"-",F101) -> PR5-PR6
B102: Main Alignment | C102: Main Viaduct | D102: RHS | E102: 11306.267 | F102: PR7 | G102: =CONCATENATE(F101,"-",F102) -> PR6-PR7
B103: Main Alignment | C103: Main Viaduct | D103: RHS | E103: 11355.85 | F103: PR8 | G103: =CONCATENATE(F102,"-",F103) -> PR7-PR8
B104: Main Alignment | C104: Main Viaduct | D104: RHS | E104: 11402.447 | F104: PR9 | G104: =CONCATENATE(F103,"-",F104) -> PR8-PR9
B105: Main Alignment | C105: Main Viaduct | D105: RHS | E105: 11446.059 | F105: PR10 | G105: =CONCATENATE(F104,"-",F105) -> PR9-PR10
B106: Main Alignment | C106: Main Viaduct | D106: RHS | E106: 11489.671 | F106: PR11 | G106: =CONCATENATE(F105,"-",F106) -> PR10-PR11
... B130: Main Alignment | C130: Main Viaduct | D130: RHS | E130: 12552.653 | F130: PR35 | G130: =CONCATENATE(F129,"-",F130) -> PR34-PR35
B131: Obligatory Span | C131: Basket Bridge | D131: RHS | E131: 12552.653 | F131: PR35
B132: Obligatory Span | C132: Basket Bridge | D132: RHS | E132: 12652.653 | F132: PR36 | G132: =CONCATENATE(F130,"-",F132) -> PR35-PR36
B133: Main Alignment | C133: Main Viaduct | D133: RHS | E133: 12652.653 | F133: PR36
B134: Main Alignment | C134: Main Viaduct | D134: RHS | E134: 12693.919 | F134: PR37 | G134: =CONCATENATE(F132,"-",F134) -> PR36-PR37
B135: Main Alignment | C135: Main Viaduct | D135: RHS | E135: 12734.905 | F135: PR38 | G135: =CONCATENATE(F134,"-",F135) -> PR37-PR38
B136: Main Alignment | C136: Main Viaduct | D136: RHS | E136: 12775.199 | F136: PR39 | G136: =CONCATENATE(F135,"-",F136) -> PR38-PR39
B137: Main Alignment | C137: Main Viaduct | D137: RHS | E137: 12816.182 | F137: PR40 | G137: =CONCATENATE(F136,"-",F137) -> PR39-PR40
B138: Main Alignment | C138: Main Viaduct | D138: RHS | E138: 12857.449 | F138: PR41 | G138: =CONCATENATE(F137,"-",F138) -> PR40-PR41
B139: Main Alignment | C139: Main Viaduct | D139: RHS | E139: 12907.449 | F139: PR42 | G139: =CONCATENATE(F138,"-",F139) -> PR41-PR42
B140: Main Alignment | C140: Main Viaduct | D140: RHS | E140: 12957.449 | F140: PR43 | G140: =CONCATENATE(F139,"-",F140) -> PR42-PR43
B141: Main Alignment | C141: Main Viaduct | D141: RHS | E141: 13007.449 | F141: PR44 | G141: =CONCATENATE(F140,"-",F141) -> PR43-PR44
B142: Main Alignment | C142: Main Viaduct | D142: RHS | E142: 13057.449 | F142: PR45 | G142: =CONCATENATE(F141,"-",F142) -> PR44-PR45
B143: Main Alignment | C143: Main Viaduct | D143: RHS | E143: 13107.449 | F143: PR46 | G143: =CONCATENATE(F142,"-",F143) -> PR45-PR46
B144: Main Alignment | C144: Main Viaduct | D144: RHS | E144: 13157.449 | F144: PR47 | G144: =CONCATENATE(F143,"-",F144) -> PR46-PR47
B145: Main Alignment | C145: Main Viaduct | D145: RHS | E145: 13207.449 | F145: PR48 | G145: =CONCATENATE(F144,"-",F145) -> PR47-PR48
B146: Main Alignment | C146: Main Viaduct | D146: RHS | E146: 13257.449 | F146: PR49 | G146: =CONCATENATE(F145,"-",F146) -> PR48-PR49
... B159: Obligatory Span | C159: Main Viaduct | D159: RHS | E159: 13828.928 | F159: PR62 | G159: =CONCATENATE(F158,"-",F159) -> PR61-PR62
B160: Obligatory Span | C160: Cable Stay Bridge | D160: RHS | E160: 13828.928 | F160: PR62
B161: Obligatory Span | C161: Cable Stay Bridge | D161: RHS | E161: 13903.928 | F161: PR63 | G161: =CONCATENATE(F159,"-",F161) -> PR62-PR63
B162: Obligatory Span | C162: Cable Stay Bridge | D162: RHS | E162: 14053.928 | F162: PR64 | G162: =CONCATENATE(F161,"-",F162) -> PR63-PR64
B163: Obligatory Span | C163: Cable Stay Bridge | D163: RHS | E163: 14128.928 | F163: PR65 | G163: =CONCATENATE(F162,"-",F163) -> PR64-PR65
B164: Obligatory Span | C164: Main Viaduct | D164: RHS | E164: 14128.928 | F164: PR65
B165: Main Alignment | C165: Main Viaduct | D165: RHS | E165: 14163.878 | F165: PR66 | G165: =CONCATENATE(F163,"-",F165) -> PR65-PR66
B166: Main Alignment | C166: Main Viaduct | D166: RHS | E166: 14198.828 | F166: PR67 | G166: =CONCATENATE(F165,"-",F166) -> PR66-PR67
B167: Main Alignment | C167: Merging Span | D167: RHS | E167: 14235.35 | F167: PR68 | G167: =CONCATENATE(F166,"-",F167) -> PR67-PR68
B168: Main Alignment | C168: Merging Span | D168: RHS | E168: 14273.31 | F168: PR69 | G168: =CONCATENATE(F167,"-",F168) -> PR68-PR69
B169: Main Alignment | C169: Merging Span | D169: RHS | E169: 14311.27 | F169: PR70 | G169: =CONCATENATE(F168,"-",F169) -> PR69-PR70
B170: Main Alignment | C170: Merging Span | D170: RHS | E170: 14349.23 | F170: PR71 | G170: =CONCATENATE(F169,"-",F170) -> PR70-PR71
B171: Main Alignment | C171: Merging Span | D171: RHS | E171: 14387.19 | F171: PR72 | G171: =CONCATENATE(F170,"-",F171) -> PR71-PR72
B172: Main Alignment | C172: Merging Span | D172: RHS | E172: 14425.15 | F172: PR73 | G172: =CONCATENATE(F171,"-",F172) -> PR72-PR73
B173: Main Alignment | C173: Main Viaduct | D173: RHS | E173: 14475.15 | F173: PR74 | G173: =CONCATENATE(F172,"-",F173) -> PR73-PR74
B174: Main Alignment | C174: Main Viaduct | D174: RHS | E174: 14525.15 | F174: PR75 | G174: =CONCATENATE(F173,"-",F174) -> PR74-PR75
B175: Main Alignment | C175: Main Viaduct | D175: RHS | E175: 14575.15 | F175: PR76 | G175: =CONCATENATE(F174,"-",F175) -> PR75-PR76
B176: Main Alignment | C176: Main Viaduct | D176: RHS | E176: 14616.12 | F176: PR77 | G176: =CONCATENATE(F175,"-",F176) -> PR76-PR77
B177: Main Alignment | C177: Merging Span | D177: RHS | E177: 14657.09 | F177: PR78 | G177: =CONCATENATE(F176,"-",F177) -> PR77-PR78
...

Sheet Substructure ID
B3: Location | C3: Module | D3: Pier ID | E3: Pile ID | F3: Pile Cap | G3: Pier Cap
B4: Charkop IC | D4: VCP1 | E4: VCP1 | F4: VCP1 | G4: VCP1
B5: Charkop IC | E5: VCP1-P1
B6: Charkop IC | E6: VCP1-P2
B7: Charkop IC | E7: VCP1-P3
B8: Charkop IC | E8: VCP1-P4
B9: Charkop IC | D9: VCP2 | E9: VCP2 | F9: VCP2 | G9: VCP2
B10: Charkop IC | E10: VCP2-P1
B11: Charkop IC | E11: VCP2-P2
B12: Charkop IC | E12: VCP2-P3
B13: Charkop IC | E13: VCP2-P4
B14: Charkop IC | D14: VCP3 | E14: VCP3 | F14: VCP3 | G14: VCP3
B15: Charkop IC | E15: VCP3-P1
B16: Charkop IC | E16: VCP3-P2
B17: Charkop IC | E17: VCP3-P3
B18: Charkop IC | E18: VCP3-P4
B19: Charkop IC | D19: VCP4 | E19: VCP4 | F19: VCP4 | G19: VCP4
B20: Charkop IC | E20: VCP4-P1
B21: Charkop IC | E21: VCP4-P2
B22: Charkop IC | E22: VCP4-P3
B23: Charkop IC | E23: VCP4-P4
B24: Charkop IC | D24: VCP5 | E24: VCP5 | F24: VCP5 | G24: VCP5
B25: Charkop IC | E25: VCP5-P1
B26: Charkop IC | E26: VCP5-P2
B27: Charkop IC | E27: VCP5-P3
B28: Charkop IC | E28: VCP5-P4
B29: Charkop IC | D29: VCP6 | E29: VCP6 | F29: VCP6 | G29: VCP6
B30: Charkop IC | E30: VCP6-P1
B31: Charkop IC | E31: VCP6-P2
B32: Charkop IC | E32: VCP6-P3
B33: Charkop IC | E33: VCP6-P4
B34: Charkop IC | D34: VCP7 | E34: VCP7 | F34: VCP7 | G34: VCP7
B35: Charkop IC | E35: VCP7-P1
B36: Charkop IC | E36: VCP7-P2
B37: Charkop IC | E37: VCP7-P3
B38: Charkop IC | E38: VCP7-P4
B39: Charkop IC | D39: VCP8 | E39: VCP8 | F39: VCP8 | G39: VCP8
B40: Charkop IC | E40: VCP8-P1
B41: Charkop IC | E41: VCP8-P2
B42: Charkop IC | E42: VCP8-P3
B43: Charkop IC | E43: VCP8-P4
B44: Charkop IC | D44: VCP9 | E44: VCP9 | F44: VCP9 | G44: VCP9
B45: Charkop IC | E45: VCP9-P1
B46: Charkop IC | E46: VCP9-P2
B47: Charkop IC | E47: VCP9-P3
B48: Charkop IC | E48: VCP9-P4
B49: Charkop IC | E49: VCP9-P5
B50: Charkop IC | E50: VCP9-P6
B51: Charkop IC | D51: VCP10 | E51: VCP10 | F51: VCP10 | G51: VCP10
B52: Charkop IC | E52: VCP10-P1
B53: Charkop IC | E53: VCP10-P2
B54: Charkop IC | E54: VCP10-P3
B55: Charkop IC | D55: VCP11 | E55: VCP11 | F55: VCP11 | G55: VCP11
B56: Charkop IC | E56: VCP11-P1
B57: Charkop IC | E57: VCP11-P2
B58: Charkop IC | E58: VCP11-P3
B59: Charkop IC | D59: VCP12 | E59: VCP12 | F59: VCP12 | G59: VCP12
B60: Charkop IC | E60: VCP12-P1
B61: Charkop IC | E61: VCP12-P2
B62: Charkop IC | E62: VCP12-P3
B63: Charkop IC | D63: VCP13 | E63: VCP13 | F63: VCP13 | G63: VCP13
B64: Charkop IC | E64: VCP13-P1
B65: Charkop IC | E65: VCP13-P2
B66: Charkop IC | E66: VCP13-P3
B67: Charkop IC | E67: VCP13-P4
B68: Charkop IC | E68: VCP13-P5
B69: Charkop IC | E69: VCP13-P6
B70: Charkop IC | D70: VCP14 | E70: VCP14 | F70: VCP14 | G70: VCP14
B71: Charkop IC | E71: VCP14-P1
B72: Charkop IC | E72: VCP14-P2
B73: Charkop IC | E73: VCP14-P3
B74: Charkop IC | D74: VCP15 | E74: VCP15 | F74: VCP15 | G74: VCP15
B75: Charkop IC | E75: VCP15-P1
B76: Charkop IC | E76: VCP15-P2
B77: Charkop IC | E77: VCP15-P3
B78: Charkop IC | D78: VCP16 | E78: VCP16 | F78: VCP16 | G78: VCP16
B79: Charkop IC | E79: VCP16-P1
B80: Charkop IC | E80: VCP16-P2
B81: Charkop IC | E81: VCP16-P3
B82: Charkop IC | D82: VCP17 | E82: VCP17 | F82: VCP17 | G82: VCP17
B83: Charkop IC | E83: VCP17-P1
B84: Charkop IC | E84: VCP17-P2
B85: Charkop IC | E85: VCP17-P1
B86: Charkop IC | E86: VCP17-P1
B87: Charkop IC | E87: VCP17-P1
B88: Charkop IC | E88: VCP17-P1
B89: Charkop IC | D89: VCP18 | E89: VCP18 | F89: VCP18 | G89: VCP18
B90: Charkop IC | E90: VCP18-P1
B91: Charkop IC | E91: VCP18-P2
B92: Charkop IC | E92: VCP18-P3
B93: Charkop IC | D93: VCP19 | E93: VCP19 | F93: VCP19 | G93: VCP19
B94: Charkop IC | E94: VCP19-P1
B95: Charkop IC | E95: VCP19-P2
B96: Charkop IC | E96: VCP19-P3
B97: Charkop IC | E97: VCP19-P4
B98: Charkop IC | E98: VCP19-P5
B99: Charkop IC | E99: VCP19-P6
B100: Charkop IC | D100: VCP20 | E100: VCP20 | F100: VCP20 | G100: VCP20
B101: Charkop IC | E101: VCP20-P1
B102: Charkop IC | E102: VCP20-P2
...

Sheet Staff List
C2: PROJECT MANAGEMENT | E2: Mail ID
C3: 20368169 | D3: K V Sathyanarayana Murthy | E3: sathyanarayana.murthy@lntecc.com
C4: 164294 | D4: R Surya Rao | E4: rsr@lntecc.com
C5: PLANNING & CONTRACTS DEPARTMENT
C6: 20037715 | D6: Somen Chakraborty | E6: somenc@lntecc.com
C7: 20146611 | D7: Manicavasagam S | E7: smvm@lntecc.com
C8: 20170326 | D8: Ayush Pratap | E8: AYUSHPRATAP@lntecc.com
C9: 20116188 | D9: Deepak Gill | E9: DSGILL@LNTECC.COM
C10: 20099108 | D10: Abhijit Saha | E10: ABHIJITSAHA@lntecc.com
C11: 20188708 | D11: Govind Ram Jat | E11: GOVIND-RAM@lntecc.com
C12: 20193077 | D12: Santosh Mahajan | E12: santoshmahajan@lntecc.com
C13: 20187679 | D13: Jishu Chatterjee | E13: JISHUCHATTERJEE@lntecc.com
C14: STRUCTURE WORK
C15: GORAI INTERCHANGE / MAIN ALIGNMENT SECTION 3 / CABLE STAY BRIDGE
C16: 20175794 | D16: Swapnil Hanchate | E16: sshanchate@lntecc.com
C17: 20157137 | D17: Adarsh Kumar Singh | E17: ADARSH-SINGH@lntecc.com
C18: 20383202 | D18: Shashibhushan Mahato | E18: shashibhushan.mahato@lntecc.com
C19: 20317710 | D19: Raushan Kumar Jha | E19: raushan.jha@lntecc.com
C20: 20143909 | D20: Ajith Kumar M | E20: ajithkm@lntecc.com
C21: 20315341 | D21: Shivam Kumar Gupta | E21: SHIVAMKUMARGUPTA@lntecc.com
C22: MAIN ALIGNMENT SECTION 2 - MARINE WORKS
C23: 20374366 | D23: Pravin Savant | E23: pravin.savant1@lntecc.com
C24: 20031045 | D24: Sonu Jangid | E24: sonujangid@lntecc.com
C25: CHARKOP INTERCHANGE / MAIN ALIGNMENT SECTION 1 / VIEWING TOWER
C26: 173982 | D26: Sunil Kumar Kushwaha | E26: skk@lntecc.com
C27: 20038736 | D27: Vishnu Kumar | E27: VISHNUK@LNTECC.COM
C28: 20193071 | D28: Avijit Sarkar | E28: avii@lntecc.com
C29: 20187365 | D29: Ranjith Kumar P | E29: RANJITH-P@lntecc.com
C30: 20359894 | D30: Vishal Ganesh Bharsakale | E30: vishal.bharsakale@lntecc.com
C31: 10004018 | D31: Shabir Raju Momin | E31: shabir@lntecc.com
C32: 20383242 | D32: Saurabh Pandey | E32: saurabh.pandey6@lntecc.com
C33: 20192859 | D33: Sudip Mondal | E33: MONDAL-SUDIP@lntecc.com
C34: PRECAST YARD
C35: 20368555 | D35: Vinayak Ghorpade | E35: vinayak.ghorpade@lntecc.com
C36: 20188245 | D36: B M Adarsh | E36: BMADARSH@lntecc.com
C37: PRECAST - BAY 1 - MAIN ALIGNMENT SEGMENTS
C38: 20061940 | D38: Rajendra Nath Mahato | E38: rndm@lntecc.com
C39: 20074231 | D39: Soumava Das | E39: SOUMAVADAS@lntecc.com
C40: 20383243 | D40: Aaradhya Tiwari | E40: aaradhya.tiwari@lntecc.com
C41: PRECAST - BAY 2 - EJ / CSB SEGMENTS
C42: 20327558 | D42: Dibyendu Chowdhury | E42: dibyendu.chowdhury@lntecc.com
C43: 20053347 | D43: Ashim Talukder | E43: ashimtalukder@lntecc.com
C44: PRECAST - BAY 3 - INTERCHANGE SEGMENTS
C45: PRECAST - BAY 4 - I GIRDERS / PIER CAPS
C46: 20192241 | D46: Ashish Omkar
C47: 20145727 | D47: Bapai Mandal
C48: 20174760 | D48: Md Mehraj Azam | E48: MEHRAJ@lntecc.com
C49: 20383327 | D49: Ankit Kumar Singh | E49: ankit.singh23@lntecc.com
C50: PRODUCTION & LOGISTICS
C51: 198283 | D51: Yogesh Sharan | E51: yrsharan@lntecc.com
C52: 20193435 | D52: Amal Sakthidharan | E52: S-AMAL@LNTECC.COM

Sheet MCW Segment ID
H2: 0 | I2: 0
B3: Pier ID | C3: Span ID | D3: Chainage | E3: Module | F3: Span Length | G3: Pier Type | H3: Segment (Nos) | I3: Concrete (cum) | J3: S1 | K3: S2 | L3: S3 | M3: S4 | N3: S5 | O3: S6 | P3: S7 | Q3: S8 | R3: S9 | S3: S10 | T3: S11 | U3: S12 | V3: S13 | W3: S14 | X3: S15 | Y3: S16 | Z3: S17 | AA3: S18 | AB3: S19 | AC3: S20 | AD3: S21 | AE3: S22 | AF3: S23 | AG3: S24 | AH3: S25 | AI3: S26 | AJ3: S27 | AK3: S28 | AL3: S29 | AM3: S30 | AN3: S31 | AO3: S32 | AP3: S33 | AQ3: S34 | AR3: S35 | AS3: S36 | AT3: S37 | AU3: S38 | AV3: S39 | AW3: S40 | AX3: S41 | AY3: S42 | AZ3: S43 | BA3: S42a | BB3: S41a | BC3: S40a | BD3: S39a | BE3: S38a | BF3: S37a | BG3: S36a | BH3: S35a | BI3: S34a | BJ3: S33a | BK3: S32a | BL3: S31a | BM3: S30a | BN3: S29a | BO3: S28a | BP3: S27a | BQ3: S26a | BR3: S25a | BS3: S24a | BT3: S23a | BU3: S22a | BV3: S21a | BW3: S20a | BX3: S19a | BY3: S18a | BZ3: S17a | CA3: S16a | CB3: S15a | CC3: S14a | CD3: S13a | CE3: S12a | CF3: S11a | CG3: S10a | CH3: S9a | CI3: S8b | CJ3: S8a | CK3: S7a | CL3: S6a | CM3: S5a | CN3: S4a | CO3: S3a | CP3: S2a | CQ3: S1a
B4: PL1B | D4: 11000 | G4: EJ | H4: 0 | I4: 0
B5: PL1A | C5: PL1B-PL1A | D5: 11026.774 | E5: 1L | F5: 26.774 | G5: Int. | H5: 0 | I5: 0
B6: PL1 | C6: PL1A-PL1 | D6: 11053.549 | E6: 1L | F6: 26.775 | G6: EJ | H6: 0 | I6: 0
B7: PL2 | C7: PL1-PL2 | D7: 11094.176 | E7: 2L | F7: 40.627 | G7: Int. | H7: 0 | I7: 0 | J7: S1 | K7: S2 | L7: S3 | M7: S4 | N7: S5 | O7: S6 | P7: S7 | Q7: S8 | R7: S9 | S7: S10 | T7: S11 | U7: S12 | V7: S13 | W7: S14
B8: PL3 | C8: PL2-PL3 | D8: 11134.803 | E8: 2L | F8: 40.627 | G8: Int. | H8: 0 | I8: 0 | X8: S15 | Y8: S16 | Z8: S17 | AA8: S18 | AB8: S19 | AC8: S20 | AD8: S21 | BV8: S21a | BW8: S20a | BX8: S19a | BY8: S18a | BZ8: S17a | CA8: S16a | CB8: S15a
B9: PL4 | C9: PL3-PL4 | D9: 11175.431 | E9: 2L | F9: 40.628 | G9: EJ | H9: 0 | I9: 0 | CC9: S14a | CD9: S13a | CE9: S12a | CF9: S11a | CG9: S10a | CH9: S9a | CJ9: S8a | CK9: S7a | CL9: S6a | CM9: S5a | CN9: S4a | CO9: S3a | CP9: S2a | CQ9: S1a
B10: PL5 | C10: PL4-PL5 | D10: 11216.058 | E10: 3L | F10: 40.627 | G10: Int. | H10: 0 | I10: 0 | J10: S1 | K10: S2 | L10: S3 | M10: S4 | N10: S5 | O10: S6 | P10: S7 | Q10: S8 | R10: S9 | S10: S10 | T10: S11 | U10: S12 | V10: S13 | W10: S14
B11: PL6 | C11: PL5-PL6 | D11: 11256.686 | E11: 3L | F11: 40.628 | G11: EJ | H11: 0 | I11: 0 | CC11: S14a | CD11: S13a | CE11: S12a | CF11: S11a | CG11: S10a | CH11: S9a | CJ11: S8a | CK11: S7a | CL11: S6a | CM11: S5a | CN11: S4a | CO11: S3a | CP11: S2a | CQ11: S1a
B12: PL7 | C12: PL6-PL7 | D12: 11306.267 | E12: 3L | F12: 49.581 | G12: Int. | H12: 0 | I12: 0 | J12: S1 | K12: S2 | L12: S3 | M12: S4 | N12: S5 | O12: S6 | P12: S7 | Q12: S8 | R12: S9 | S12: S10 | T12: S11 | U12: S12 | V12: S13 | W12: S14 | X12: S15 | Y12: S16 | Z12: S17
B13: PL8 | C13: PL7-PL8 | D13: 11355.85 | E13: 4L | F13: 49.583 | G13: Int. | H13: 0 | I13: 0 | AA13: S18 | AB13: S19 | AC13: S20 | AD13: S21 | AE13: S22 | AF13: S23 | AG13: S24 | AH13: S25 | AI13: S26 | BR13: S25a | BS13: S24a | BT13: S23a | BU13: S22a | BV13: S21a | BW13: S20a | BX13: S19a | BY13: S18a
B14: PL9 | C14: PL8-PL9 | D14: 11402.447 | E14: 4L | F14: 46.597 | G14: EJ | H14: 0 | I14: 0 | BZ14: S17a | CA14: S16a | CB14: S15a | CC14: S14a | CD14: S13a | CE14: S12a | CF14: S11a | CG14: S10a | CJ14: S8a | CK14: S7a | CL14: S6a | CM14: S5a | CN14: S4a | CO14: S3a | CP14: S2a | CQ14: S1a
B15: PL10 | C15: PL9-PL10 | D15: 11446.059 | E15: 5L | F15: 43.612 | G15: Int. | H15: 0 | I15: 0 | J15: S1 | K15: S2 | L15: S3 | M15: S4 | N15: S5 | O15: S6 | P15: S7 | Q15: S8 | R15: S9 | S15: S10 | T15: S11 | U15: S12 | V15: S13 | W15: S14 | X15: S15
B16: PL11 | C16: PL10-PL11 | D16: 11489.671 | E16: 5L | F16: 43.612 | G16: Int. | H16: 0 | I16: 0 | Y16: S16 | Z16: S17 | AA16: S18 | AB16: S19 | AC16: S20 | AD16: S21 | AE16: S22 | AF16: S23 | AG16: S24 | AH16: S25 | AI16: S26 | AJ16: S27 | AK16: S28 | AL16: S29 | AM16: S30
B17: PL12 | C17: PL11-PL12 | D17: 11533.283 | E17: 5L | F17: 43.612 | G17: Int. | H17: 0 | I17: 0 | AN17: S31 | AO17: S32 | AP17: S33 | AQ17: S34 | AR17: S35 | AS17: S36 | AT17: S37 | AU17: S38 | BF17: S37a | BG17: S36a | BH17: S35a | BI17: S34a | BJ17: S33a | BK17: S32a | BL17: S31a
B18: PL13 | C18: PL12-PL13 | D18: 11576.896 | E18: 5L | F18: 43.613 | G18: Int. | H18: 0 | I18: 0 | BM18: S30a | BN18: S29a | BO18: S28a | BP18: S27a | BQ18: S26a | BR18: S25a | BS18: S24a | BT18: S23a | BU18: S22a | BV18: S21a | BW18: S20a | BX18: S19a | BY18: S18a | BZ18: S17a | CA18: S16a
B19: PL14 | C19: PL13-PL14 | D19: 11617.523 | E19: 5L | F19: 40.627 | G19: EJ | H19: 0 | I19: 0 | CB19: S15a | CC19: S14a | CD19: S13a | CE19: S12a | CF19: S11a | CG19: S10a | CH19: S9a | CK19: S7a | CL19: S6a | CM19: S5a | CN19: S4a | CO19: S3a | CP19: S2a | CQ19: S1a
B20: PL15 | C20: PL14-PL15 | D20: 11658.151 | E20: 6L | F20: 40.628 | G20: Int. | H20: 0 | I20: 0 | J20: S1 | K20: S2 | L20: S3 | M20: S4 | N20: S5 | O20: S6 | P20: S7 | Q20: S8 | R20: S9 | S20: S10 | T20: S11 | U20: S12 | V20: S13 | W20: S14
B21: PL16 | C21: PL15-PL16 | D21: 11698.843 | E21: 6L | F21: 40.692 | G21: Int. | H21: 0 | I21: 0 | X21: S15 | Y21: S16 | Z21: S17 | AA21: S18 | AB21: S19 | AC21: S20 | AD21: S21 | BV21: S21a | BW21: S20a | BX21: S19a | BY21: S18a | BZ21: S17a | CA21: S16a | CB21: S15a
B22: PL17 | C22: PL16-PL17 | D22: 11739.536 | E22: 6L | F22: 40.693 | G22: EJ | H22: 0 | I22: 0 | CC22: S14a | CD22: S13a | CE22: S12a | CF22: S11a | CG22: S10a | CH22: S9a | CJ22: S8a | CK22: S7a | CL22: S6a | CM22: S5a | CN22: S4a | CO22: S3a | CP22: S2a | CQ22: S1a
B23: PL18 | C23: PL17-PL18 | D23: 11780.45 | E23: 7L | F23: 40.914 | G23: Int. | H23: 0 | I23: 0 | J23: S1 | K23: S2 | L23: S3 | M23: S4 | N23: S5 | O23: S6 | P23: S7 | Q23: S8 | R23: S9 | S23: S10 | T23: S11 | U23: S12 | V23: S13 | W23: S14
B24: PL19 | C24: PL18-PL19 | D24: 11821.051 | E24: 7L | F24: 40.601 | G24: Int. | H24: 0 | I24: 0 | X24: S15 | Y24: S16 | Z24: S17 | AA24: S18 | AB24: S19 | AC24: S20 | AD24: S21 | AE24: S22 | AF24: S23 | AG24: S24 | AH24: S25 | AI24: S26 | AJ24: S27 | AK24: S28
B25: PL20 | C25: PL19-PL20 | D25: 11860.944 | E25: 7L | F25: 39.893 | G25: Int. | H25: 0 | I25: 0 | AL25: S29 | AM25: S30 | AN25: S31 | AO25: S32 | AP25: S33 | AQ25: S34 | AR25: S35 | BH25: S35a | BI25: S34a | BJ25: S33a | BK25: S32a | BL25: S31a | BM25: S30a | BN25: S29a
B26: PL21 | C26: PL20-PL21 | D26: 11901.545 | E26: 7L | F26: 40.601 | G26: Int. | H26: 0 | I26: 0 | BO26: S28a | BP26: S27a | BQ26: S26a | BR26: S25a | BS26: S24a | BT26: S23a | BU26: S22a | BV26: S21a | BW26: S20a | BX26: S19a | BY26: S18a | BZ26: S17a | CA26: S16a | CB26: S15a
B27: PL22 | C27: PL21-PL22 | D27: 11942.458 | E27: 7L | F27: 40.913 | G27: EJ | H27: 0 | I27: 0 | CC27: S14a | CD27: S13a | CE27: S12a | CF27: S11a | CG27: S10a | CH27: S9a | CJ27: S8a | CK27: S7a | CL27: S6a | CM27: S5a | CN27: S4a | CO27: S3a | CP27: S2a | CQ27: S1a
B28: PL23 | C28: PL22-PL23 | D28: 11992.041 | E28: 8L | F28: 49.583 | G28: Int. | H28: 0 | I28: 0 | J28: S1 | K28: S2 | L28: S3 | M28: S4 | N28: S5 | O28: S6 | P28: S7 | Q28: S8 | R28: S9 | S28: S10 | T28: S11 | U28: S12 | V28: S13 | W28: S14 | X28: S15 | Y28: S16 | Z28: S17
B29: PL24 | C29: PL23-PL24 | D29: 12041.623 | E29: 8L | F29: 49.582 | G29: Int. | H29: 0 | I29: 0 | AA29: S18 | AB29: S19 | AC29: S20 | AD29: S21 | AE29: S22 | AF29: S23 | AG29: S24 | AH29: S25 | AI29: S26 | AJ29: S27 | AK29: S28 | AL29: S29 | AM29: S30 | AN29: S31 | AO29: S32 | AP29: S33 | AQ29: S34
B30: PL25 | C30: PL24-PL25 | D30: 12091.205 | E30: 8L | F30: 49.582 | G30: Int. | H30: 0 | I30: 0 | AR30: S35 | AS30: S36 | AT30: S37 | AU30: S38 | AV30: S39 | AW30: S40 | AX30: S41 | AY30: S42 | AZ30: S43 | BA30: S42a | BB30: S41a | BC30: S40a | BD30: S39a | BE30: S38a | BF30: S37a | BG30: S36a | BH30: S35a
B31: PL26 | C31: PL25-PL26 | D31: 12140.787 | E31: 8L | F31: 49.582 | G31: Int. | H31: 0 | I31: 0 | BI31: S34a | BJ31: S33a | BK31: S32a | BL31: S31a | BM31: S30a | BN31: S29a | BO31: S28a | BP31: S27a | BQ31: S26a | BR31: S25a | BS31: S24a | BT31: S23a | BU31: S22a | BV31: S21a | BW31: S20a | BX31: S19a | BY31: S18a
B32: PL27 | C32: PL26-PL27 | D32: 12190.369 | E32: 8L | F32: 49.582 | G32: EJ | H32: 0 | I32: 0 | BZ32: S17a | CA32: S16a | CB32: S15a | CC32: S14a | CD32: S13a | CE32: S12a | CF32: S11a | CG32: S10a | CH32: S9a | CJ32: S8a | CK32: S7a | CL32: S6a | CM32: S5a | CN32: S4a | CO32: S3a | CP32: S2a | CQ32: S1a
B33: PL28 | C33: PL27-PL28 | D33: 12239.951 | E33: 9L | F33: 49.582 | G33: Int. | H33: 0 | I33: 0 | J33: S1 | K33: S2 | L33: S3 | M33: S4 | N33: S5 | O33: S6 | P33: S7 | Q33: S8 | R33: S9 | S33: S10 | T33: S11 | U33: S12 | V33: S13 | W33: S14 | X33: S15 | Y33: S16 | Z33: S17
B34: PL29 | C34: PL28-PL29 | D34: 12289.532 | E34: 9L | F34: 49.581 | G34: Int. | H34: 0 | I34: 0 | AA34: S18 | AB34: S19 | AC34: S20 | AD34: S21 | AE34: S22 | AF34: S23 | AG34: S24 | AH34: S25 | AI34: S26 | AJ34: S27 | AK34: S28 | AL34: S29 | AM34: S30 | AN34: S31 | AO34: S32 | AP34: S33 | AQ34: S34
B35: PL30 | C35: PL29-PL30 | D35: 12339.114 | E35: 9L | F35: 49.582 | G35: Int. | H35: 0 | I35: 0 | AR35: S35 | AS35: S36 | AT35: S37 | AU35: S38 | AV35: S39 | AW35: S40 | AX35: S41 | AY35: S42 | AZ35: S43 | BA35: S42a | BB35: S41a | BC35: S40a | BD35: S39a | BE35: S38a | BF35: S37a | BG35: S36a | BH35: S35a
B36: PL31 | C36: PL30-PL31 | D36: 12388.825 | E36: 9L | F36: 49.711 | G36: Int. | H36: 0 | I36: 0 | BI36: S34a | BJ36: S33a | BK36: S32a | BL36: S31a | BM36: S30a | BN36: S29a | BO36: S28a | BP36: S27a | BQ36: S26a | BR36: S25a | BS36: S24a | BT36: S23a | BU36: S22a | BV36: S21a | BW36: S20a | BX36: S19a | BY36: S18a
B37: PL32 | C37: PL31-PL32 | D37: 12438.773 | E37: 9L | F37: 49.948 | G37: EJ | H37: 0 | I37: 0 | BZ37: S17a | CA37: S16a | CB37: S15a | CC37: S14a | CD37: S13a | CE37: S12a | CF37: S11a | CG37: S10a | CH37: S9a | CJ37: S8a | CK37: S7a | CL37: S6a | CM37: S5a | CN37: S4a | CO37: S3a | CP37: S2a | CQ37: S1a
B38: PL33 | C38: PL32-PL33 | D38: 12473.723 | E38: 10L | F38: 34.95 | G38: Int. | H38: 0 | I38: 0 | J38: S1 | K38: S2 | L38: S3 | M38: S4 | N38: S5 | O38: S6 | P38: S7 | Q38: S8 | R38: S9 | S38: S10 | T38: S11 | U38: S12
B39: PL34 | C39: PL33-PL34 | D39: 12508.673 | E39: 10L | F39: 34.95 | G39: EJ | H39: 0 | I39: 0 | CE39: S12a | CF39: S11a | CG39: S10a | CH39: S9a | CJ39: S8a | CK39: S7a | CL39: S6a | CM39: S5a | CN39: S4a | CO39: S3a | CP39: S2a | CQ39: S1a
B40: PL35 | C40: PL34-PL35 | D40: 12552.653 | E40: 11L | F40: 43.98 | G40: EJ | H40: 0 | I40: 0 | J40: S1 | K40: S2 | L40: S3 | M40: S4 | N40: S5 | O40: S6 | P40: S7 | Q40: S8 | CK40: S7a | CL40: S6a | CM40: S5a | CN40: S4a | CO40: S3a | CP40: S2a | CQ40: S1a
B41: PL36 | C41: PL35-PL36 | D41: 12652.653 | E41: 12L | F41: 100 | G41: EJ | H41: 0 | I41: 0
B42: PL37 | C42: PL36-PL37 | D42: 12693.919 | E42: 13L | F42: 41.266 | G42: Int. | H42: 0 | I42: 0 | J42: S1 | K42: S2 | L42: S3 | M42: S4 | N42: S5 | O42: S6 | P42: S7 | Q42: S8 | R42: S9 | S42: S10 | T42: S11 | U42: S12 | V42: S13 | W42: S14
B43: PL38 | C43: PL37-PL38 | D43: 12734.905 | E43: 13L | F43: 40.986 | G43: Int. | H43: 0 | I43: 0 | X43: S15 | Y43: S16 | Z43: S17 | AA43: S18 | AB43: S19 | AC43: S20 | AD43: S21 | AE43: S22 | AF43: S23 | AG43: S24 | AH43: S25 | AI43: S26 | AJ43: S27 | AK43: S28
B44: PL39 | C44: PL38-PL39 | D44: 12775.199 | E44: 13L | F44: 40.294 | G44: Int. | H44: 0 | I44: 0 | AL44: S29 | AM44: S30 | AN44: S31 | AO44: S32 | AP44: S33 | AQ44: S34 | AR44: S35 | BH44: S35a | BI44: S34a | BJ44: S33a | BK44: S32a | BL44: S31a | BM44: S30a | BN44: S29a
B45: PL40 | C45: PL39-PL40 | D45: 12816.182 | E45: 13L | F45: 40.983 | G45: Int. | H45: 0 | I45: 0 | BO45: S28a | BP45: S27a | BQ45: S26a | BR45: S25a | BS45: S24a | BT45: S23a | BU45: S22a | BV45: S21a | BW45: S20a | BX45: S19a | BY45: S18a | BZ45: S17a | CA45: S16a | CB45: S15a
B46: PL41 | C46: PL40-PL41 | D46: 12857.449 | E46: 13L | F46: 41.267 | G46: EJ | H46: 0 | I46: 0 | CC46: S14a | CD46: S13a | CE46: S12a | CF46: S11a | CG46: S10a | CH46: S9a | CJ46: S8a | CK46: S7a | CL46: S6a | CM46: S5a | CN46: S4a | CO46: S3a | CP46: S2a | CQ46: S1a
B47: PL42 | C47: PL41-PL42 | D47: 12907.449 | E47: 14L | F47: 50 | G47: Int. | H47: 0 | I47: 0 | J47: S1 | K47: S2 | L47: S3 | M47: S4 | N47: S5 | O47: S6 | P47: S7 | Q47: S8 | R47: S9 | S47: S10 | T47: S11 | U47: S12 | V47: S13 | W47: S14 | X47: S15 | Y47: S16 | Z47: S17
B48: PL43 | C48: PL42-PL43 | D48: 12957.449 | E48: 14L | F48: 50 | G48: Int. | H48: 0 | I48: 0 | AA48: S18 | AB48: S19 | AC48: S20 | AD48: S21 | AE48: S22 | AF48: S23 | AG48: S24 | AH48: S25 | AI48: S26 | AJ48: S27 | AK48: S28 | AL48: S29 | AM48: S30 | AN48: S31 | AO48: S32 | AP48: S33 | AQ48: S34
B49: PL44 | C49: PL43-PL44 | D49: 13007.449 | E49: 14L | F49: 50 | G49: Int. | H49: 0 | I49: 0 | AR49: S35 | AS49: S36 | AT49: S37 | AU49: S38 | AV49: S39 | AW49: S40 | AX49: S41 | AY49: S42 | AZ49: S43 | BA49: S42a | BB49: S41a | BC49: S40a | BD49: S39a | BE49: S38a | BF49: S37a | BG49: S36a | BH49: S35a
B50: PL45 | C50: PL44-PL45 | D50: 13057.449 | E50: 14L | F50: 50 | G50: Int. | H50: 0 | I50: 0 | BI50: S34a | BJ50: S33a | BK50: S32a | BL50: S31a | BM50: S30a | BN50: S29a | BO50: S28a | BP50: S27a | BQ50: S26a | BR50: S25a | BS50: S24a | BT50: S23a | BU50: S22a | BV50: S21a | BW50: S20a | BX50: S19a | BY50: S18a
B51: PL46 | C51: PL45-PL46 | D51: 13107.449 | E51: 14L | F51: 50 | G51: EJ | H51: 0 | I51: 0 | BZ51: S17a | CA51: S16a | CB51: S15a | CC51: S14a | CD51: S13a | CE51: S12a | CF51: S11a | CG51: S10a | CH51: S9a | CJ51: S8a | CK51: S7a | CL51: S6a | CM51: S5a | CN51: S4a | CO51: S3a | CP51: S2a | CQ51: S1a
B52: PL47 | C52: PL46-PL47 | D52: 13157.449 | E52: 15L | F52: 50 | G52: Int. | H52: 0 | I52: 0 | J52: S1 | K52: S2 | L52: S3 | M52: S4 | N52: S5 | O52: S6 | P52: S7 | Q52: S8 | R52: S9 | S52: S10 | T52: S11 | U52: S12 | V52: S13 | W52: S14 | X52: S15 | Y52: S16 | Z52: S17
B53: PL48 | C53: PL47-PL48 | D53: 13207.449 | E53: 15L | F53: 50 | G53: Int. | H53: 0 | I53: 0 | AA53: S18 | AB53: S19 | AC53: S20 | AD53: S21 | AE53: S22 | AF53: S23 | AG53: S24 | AH53: S25 | AI53: S26 | AJ53: S27 | AK53: S28 | AL53: S29 | AM53: S30 | AN53: S31 | AO53: S32 | AP53: S33 | AQ53: S34
B54: PL49 | C54: PL48-PL49 | D54: 13257.449 | E54: 15L | F54: 50 | G54: Int. | H54: 0 | I54: 0 | BI54: S34a | BJ54: S33a | BK54: S32a | BL54: S31a | BM54: S30a | BN54: S29a | BO54: S28a | BP54: S27a | BQ54: S26a | BR54: S25a | BS54: S24a | BT54: S23a | BU54: S22a | BV54: S21a | BW54: S20a | BX54: S19a | BY54: S18a
B55: PL50 | C55: PL49-PL50 | D55: 13307.449 | E55: 15L | F55: 50 | G55: EJ | H55: 0 | I55: 0 | BZ55: S17a | CA55: S16a | CB55: S15a | CC55: S14a | CD55: S13a | CE55: S12a | CF55: S11a | CG55: S10a | CH55: S9a | CJ55: S8a | CK55: S7a | CL55: S6a | CM55: S5a | CN55: S4a | CO55: S3a | CP55: S2a | CQ55: S1a
B56: PL51 | C56: PL50-PL51 | D56: 13357.449 | E56: 16L | F56: 50 | G56: Int. | H56: 0 | I56: 0 | J56: S1 | K56: S2 | L56: S3 | M56: S4 | N56: S5 | O56: S6 | P56: S7 | Q56: S8 | R56: S9 | S56: S10 | T56: S11 | U56: S12 | V56: S13 | W56: S14 | X56: S15 | Y56: S16 | Z56: S17
B57: PL52 | C57: PL51-PL52 | D57: 13407.449 | E57: 16L | F57: 50 | G57: Int. | H57: 0 | I57: 0 | AA57: S18 | AB57: S19 | AC57: S20 | AD57: S21 | AE57: S22 | AF57: S23 | AG57: S24 | AH57: S25 | AI57: S26 | AJ57: S27 | AK57: S28 | AL57: S29 | AM57: S30 | AN57: S31 | AO57: S32 | AP57: S33 | AQ57: S34
B58: PL53 | C58: PL52-PL53 | D58: 13457.408 | E58: 16L | F58: 49.959 | G58: Int. | H58: 0 | I58: 0 | BI58: S34a | BJ58: S33a | BK58: S32a | BL58: S31a | BM58: S30a | BN58: S29a | BO58: S28a | BP58: S27a | BQ58: S26a | BR58: S25a | BS58: S24a | BT58: S23a | BU58: S22a | BV58: S21a | BW58: S20a | BX58: S19a | BY58: S18a
B59: PL54 | C59: PL53-PL54 | D59: 13507.117 | E59: 16L | F59: 49.709 | G59: EJ | H59: 0 | I59: 0 | BZ59: S17a | CA59: S16a | CB59: S15a | CC59: S14a | CD59: S13a | CE59: S12a | CF59: S11a | CG59: S10a | CH59: S9a | CJ59: S8a | CK59: S7a | CL59: S6a | CM59: S5a | CN59: S4a | CO59: S3a | CP59: S2a | CQ59: S1a
B60: PL55 | C60: PL54-PL55 | D60: 13546.783 | E60: 17L | F60: 39.666 | G60: Int. | H60: 0 | I60: 0 | J60: S1 | K60: S2 | L60: S3 | M60: S4 | N60: S5 | O60: S6 | P60: S7 | Q60: S8 | R60: S9 | S60: S10 | T60: S11 | U60: S12 | V60: S13 | W60: S14
B61: PL56 | C61: PL55-PL56 | D61: 13586.453 | E61: 17L | F61: 39.67 | G61: Int. | H61: 0 | I61: 0 | X61: S15 | Y61: S16 | Z61: S17 | AA61: S18 | AB61: S19 | AC61: S20 | AD61: S21 | BV61: S21a | BW61: S20a | BX61: S19a | BY61: S18a | BZ61: S17a | CA61: S16a | CB61: S15a
B62: PL57 | C62: PL56-PL57 | D62: 13626.122 | E62: 17L | F62: 39.669 | G62: EJ | H62: 0 | I62: 0 | CC62: S14a | CD62: S13a | CE62: S12a | CF62: S11a | CG62: S10a | CH62: S9a | CJ62: S8a | CK62: S7a | CL62: S6a | CM62: S5a | CN62: S4a | CO62: S3a | CP62: S2a | CQ62: S1a
B63: PL58 | C63: PL57-PL58 | D63: 13667.012 | E63: 18L | F63: 40.89 | G63: Int. | H63: 0 | I63: 0 | J63: S1 | K63: S2 | L63: S3 | M63: S4 | N63: S5 | O63: S6 | P63: S7 | Q63: S8 | R63: S9 | S63: S10 | T63: S11 | U63: S12 | V63: S13 | W63: S14
B64: PL59 | C64: PL58-PL59 | D64: 13707.591 | E64: 18L | F64: 40.579 | G64: Int. | H64: 0 | I64: 0 | X64: S15 | Y64: S16 | Z64: S17 | AA64: S18 | AB64: S19 | AC64: S20 | AD64: S21 | AE64: S22 | AF64: S23 | AG64: S24 | AH64: S25 | AI64: S26 | AJ64: S27 | AK64: S28
B65: PL60 | C65: PL59-PL60 | D65: 13747.459 | E65: 18L | F65: 39.868 | G65: Int. | H65: 0 | I65: 0 | AL65: S29 | AM65: S30 | AN65: S31 | AO65: S32 | AP65: S33 | AQ65: S34 | AR65: S35 | BH65: S35a | BI65: S34a | BJ65: S33a | BK65: S32a | BL65: S31a | BM65: S30a | BN65: S29a
B66: PL61 | C66: PL60-PL61 | D66: 13788.038 | E66: 18L | F66: 40.579 | G66: Int. | H66: 0 | I66: 0 | BO66: S28a | BP66: S27a | BQ66: S26a | BR66: S25a | BS66: S24a | BT66: S23a | BU66: S22a | BV66: S21a | BW66: S20a | BX66: S19a | BY66: S18a | BZ66: S17a | CA66: S16a | CB66: S15a
B67: PL62 | C67: PL61-PL62 | D67: 13828.928 | E67: 18L | F67: 40.89 | G67: EJ | H67: 0 | I67: 0 | CC67: S14a | CD67: S13a | CE67: S12a | CF67: S11a | CG67: S10a | CH67: S9a | CJ67: S8a | CK67: S7a | CL67: S6a | CM67: S5a | CN67: S4a | CO67: S3a | CP67: S2a | CQ67: S1a
B68: PL63 | C68: PL62-PL63 | D68: 13903.928 | E68: 19L | F68: 75 | G68: Int. | H68: 0 | I68: 0
B69: PL64 | C69: PL63-PL64 | D69: 14053.928 | E69: 19L | F69: 150 | G69: Int. | H69: 0 | I69: 0
B70: PL65 | C70: PL64-PL65 | D70: 14128.928 | E70: 19L | F70: 75 | G70: EJ | H70: 0 | I70: 0
B71: PL66 | C71: PL65-PL66 | D71: 14163.878 | E71: 20L | F71: 34.95 | G71: Int. | H71: 0 | I71: 0 | J71: S1 | K71: S2 | L71: S3 | M71: S4 | N71: S5 | O71: S6 | P71: S7 | Q71: S8 | R71: S9 | S71: S10 | T71: S11 | U71: S12
B72: PL67 | C72: PL66-PL67 | D72: 14198.828 | E72: 20L | F72: 34.95 | G72: EJ | H72: 0 | I72: 0 | CE72: S12a | CF72: S11a | CG72: S10a | CH72: S9a | CJ72: S8a | CK72: S7a | CL72: S6a | CM72: S5a | CN72: S4a | CO72: S3a | CP72: S2a | CQ72: S1a
B73: PL68 | C73: PL67-PL68 | D73: 14235.35 | E73: 21L | F73: 36.522 | G73: Int. | H73: 0 | I73: 0 | J73: S1 | K73: S2 | L73: S3 | M73: S4 | N73: S5 | O73: S6 | P73: S7 | Q73: S8 | R73: S9 | S73: S10 | T73: S11 | U73: S12 | V73: S13
B74: PL69 | C74: PL68-PL69 | D74: 14273.31 | E74: 21L | F74: 37.96 | G74: Int. | H74: 0 | I74: 0 | W74: S14 | X74: S15 | Y74: S16 | Z74: S17 | AA74: S18 | AB74: S19 | AC74: S20 | BX74: S19a | BY74: S18a | BZ74: S17a | CA74: S16a | CB74: S15a | CC74: S14a
B75: PL70 | C75: PL69-PL70 | D75: 14311.27 | E75: 21L | F75: 37.96 | G75: EJ | H75: 0 | I75: 0 | CD75: S13a | CE75: S12a | CF75: S11a | CG75: S10a | CH75: S9a | CJ75: S8a | CK75: S7a | CL75: S6a | CM75: S5a | CN75: S4a | CO75: S3a | CP75: S2a | CQ75: S1a
B76: PL71 | C76: PL70-PL71 | D76: 14349.23 | E76: 22L | F76: 37.96 | G76: Int. | H76: 0 | I76: 0 | J76: S1 | K76: S2 | L76: S3 | M76: S4 | N76: S5 | O76: S6 | P76: S7 | Q76: S8 | R76: S9 | S76: S10 | T76: S11 | U76: S12 | V76: S13
B77: PL72 | C77: PL71-PL72 | D77: 14387.19 | E77: 22L | F77: 37.96 | G77: Int. | H77: 0 | I77: 0 | W77: S14 | X77: S15 | Y77: S16 | Z77: S17 | AA77: S18 | AB77: S19 | AC77: S20 | BX77: S19a | BY77: S18a | BZ77: S17a | CA77: S16a | CB77: S15a | CC77: S14a
B78: PL73 | C78: PL72-PL73 | D78: 14425.15 | E78: 22L | F78: 37.96 | G78: EJ | H78: 0 | I78: 0 | CD78: S13a | CE78: S12a | CF78: S11a | CG78: S10a | CH78: S9a | CJ78: S8a | CK78: S7a | CL78: S6a | CM78: S5a | CN78: S4a | CO78: S3a | CP78: S2a | CQ78: S1a
B79: PL74 | C79: PL73-PL74 | D79: 14475.15 | E79: 23L | F79: 50 | G79: Int. | H79: 0 | I79: 0 | J79: S1 | K79: S2 | L79: S3 | M79: S4 | N79: S5 | O79: S6 | P79: S7 | Q79: S8 | R79: S9 | S79: S10 | T79: S11 | U79: S12 | V79: S13 | W79: S14 | X79: S15 | Y79: S16 | Z79: S17
B80: PL75 | C80: PL74-PL75 | D80: 14525.15 | E80: 23L | F80: 50 | G80: Int. | H80: 0 | I80: 0 | AA80: S18 | AB80: S19 | AC80: S20 | AD80: S21 | AE80: S22 | AF80: S23 | AG80: S24 | AH80: S25 | AI80: S26 | BR80: S25a | BS80: S24a | BT80: S23a | BU80: S22a | BV80: S21a | BW80: S20a | BX80: S19a | BY80: S18a
B81: PL76 | C81: PL75-PL76 | D81: 14575.15 | E81: 23L | F81: 50 | G81: EJ | H81: 0 | I81: 0 | BZ81: S17a | CA81: S16a | CB81: S15a | CC81: S14a | CD81: S13a | CE81: S12a | CF81: S11a | CG81: S10a | CH81: S9a | CJ81: S8a | CK81: S7a | CL81: S6a | CM81: S5a | CN81: S4a | CO81: S3a | CP81: S2a | CQ81: S1a
B82: PL77 | C82: PL76-PL77 | D82: 14616.12 | E82: 24L | F82: 40.97 | G82: Int. | H82: 0 | I82: 0 | J82: S1 | K82: S2 | L82: S3 | M82: S4 | N82: S5 | O82: S6 | P82: S7 | Q82: S8 | R82: S9 | S82: S10 | T82: S11 | U82: S12 | V82: S13 | W82: S14
B83: PL78 | C83: PL77-PL78 | D83: 14657.09 | E83: 24L | F83: 40.97 | G83: Int. | H83: 0 | I83: 0 | X83: S15 | Y83: S16 | Z83: S17 | AA83: S18 | AB83: S19 | AC83: S20 | AD83: S21 | AE83: S22 | AF83: S23 | AG83: S24 | AH83: S25 | AI83: S26 | AJ83: S27 | AK83: S28
B84: PL79 | C84: PL78-PL79 | D84: 14698.06 | E84: 24L | F84: 40.97 | G84: Int. | H84: 0 | I84: 0 | AL84: S29 | AM84: S30 | AN84: S31 | AO84: S32 | AP84: S33 | AQ84: S34 | AR84: S35 | BH84: S35a | BI84: S34a | BJ84: S33a | BK84: S32a | BL84: S31a | BM84: S30a | BN84: S29a
B85: PL80 | C85: PL79-PL80 | D85: 14739.03 | E85: 24L | F85: 40.97 | G85: Int. | H85: 0 | I85: 0 | BO85: S28a | BP85: S27a | BQ85: S26a | BR85: S25a | BS85: S24a | BT85: S23a | BU85: S22a | BV85: S21a | BW85: S20a | BX85: S19a | BY85: S18a | BZ85: S17a | CA85: S16a | CB85: S15a
B86: PL81 | C86: PL80-PL81 | D86: 14780 | E86: 24L | F86: 40.97 | G86: EJ | H86: 0 | I86: 0 | CC86: S14a | CD86: S13a | CE86: S12a | CF86: S11a | CG86: S10a | CH86: S9a | CJ86: S8a | CK86: S7a | CL86: S6a | CM86: S5a | CN86: S4a | CO86: S3a | CP86: S2a | CQ86: S1a
B88: PR1B | D88: 11000 | G88: EJ | H88: 0 | I88: 0
B89: PR1A | C89: PR1B-PR1A | D89: 11026.774 | E89: 1R | F89: 26.774 | G89: Int. | H89: 0 | I89: 0
B90: PR1 | C90: PR1A-PR1 | D90: 11053.549 | E90: 1R | F90: 26.775 | G90: EJ | H90: 0 | I90: 0
B91: PR2 | C91: PR1-PR2 | D91: 11094.176 | E91: 2R | F91: 40.627 | G91: Int. | H91: 0 | I91: 0 | J91: S1 | K91: S2 | L91: S3 | M91: S4 | N91: S5 | O91: S6 | P91: S7 | Q91: S8 | R91: S9 | S91: S10 | T91: S11 | U91: S12 | V91: S13 | W91: S14
B92: PR3 | C92: PR2-PR3 | D92: 11134.803 | E92: 2R | F92: 40.627 | G92: Int. | H92: 0 | I92: 0 | X92: S15 | Y92: S16 | Z92: S17 | AA92: S18 | AB92: S19 | AC92: S20 | AD92: S21 | AE92: S22 | AF92: S23 | AG92: S24 | AH92: S25 | AI92: S26 | AJ92: S27 | AK92: S28
B93: PR4 | C93: PR3-PR4 | D93: 11175.431 | E93: 2R | F93: 40.628 | G93: Int. | H93: 0 | I93: 0 | AL93: S29 | AM93: S30 | AN93: S31 | AO93: S32 | AP93: S33 | AQ93: S34 | AR93: S35 | BH93: S35a | BI93: S34a | BJ93: S33a | BK93: S32a | BL93: S31a | BM93: S30a | BN93: S29a
B94: PR5 | C94: PR4-PR5 | D94: 11216.058 | E94: 2R | F94: 40.627 | G94: Int. | H94: 0 | I94: 0 | BO94: S28a | BP94: S27a | BQ94: S26a | BR94: S25a | BS94: S24a | BT94: S23a | BU94: S22a | BV94: S21a | BW94: S20a | BX94: S19a | BY94: S18a | BZ94: S17a | CA94: S16a | CB94: S15a
B95: PR6 | C95: PR5-PR6 | D95: 11256.686 | E95: 2R | F95: 40.628 | G95: EJ | H95: 0 | I95: 0 | CC95: S14a | CD95: S13a | CE95: S12a | CF95: S11a | CG95: S10a | CH95: S9a | CJ95: S8a | CK95: S7a | CL95: S6a | CM95: S5a | CN95: S4a | CO95: S3a | CP95: S2a | CQ95: S1a
B96: PR7 | C96: PR6-PR7 | D96: 11306.267 | E96: 3R | F96: 49.581 | G96: Int. | H96: 0 | I96: 0 | J96: S1 | K96: S2 | L96: S3 | M96: S4 | N96: S5 | O96: S6 | P96: S7 | Q96: S8 | R96: S9 | S96: S10 | T96: S11 | U96: S12 | V96: S13 | W96: S14 | X96: S15 | Y96: S16 | Z96: S17
B97: PR8 | C97: PR7-PR8 | D97: 11355.85 | E97: 3R | F97: 49.583 | G97: Int. | H97: 0 | I97: 0 | AA97: S18 | AB97: S19 | AC97: S20 | AD97: S21 | AE97: S22 | AF97: S23 | AG97: S24 | AH97: S25 | AI97: S26 | BR97: S25a | BS97: S24a | BT97: S23a | BU97: S22a | BV97: S21a | BW97: S20a | BX97: S19a | BY97: S18a
B98: PR9 | C98: PR8-PR9 | D98: 11402.447 | E98: 3R | F98: 46.597 | G98: EJ | H98: 0 | I98: 0 | BZ98: S17a | CA98: S16a | CB98: S15a | CC98: S14a | CD98: S13a | CE98: S12a | CF98: S11a | CG98: S10a | CJ98: S8a | CK98: S7a | CL98: S6a | CM98: S5a | CN98: S4a | CO98: S3a | CP98: S2a | CQ98: S1a
B99: PR10 | C99: PR9-PR10 | D99: 11446.059 | E99: 4R | F99: 43.612 | G99: Int. | H99: 0 | I99: 0 | J99: S1 | K99: S2 | L99: S3 | M99: S4 | N99: S5 | O99: S6 | P99: S7 | Q99: S8 | R99: S9 | S99: S10 | T99: S11 | U99: S12 | V99: S13 | W99: S14 | X99: S15
B100: PR11 | C100: PR10-PR11 | D100: 11489.671 | E100: 4R | F100: 43.612 | G100: Int. | H100: 0 | I100: 0 | Y100: S16 | Z100: S17 | AA100: S18 | AB100: S19 | AC100: S20 | AD100: S21 | AE100: S22 | AF100: S23 | BU100: S22a | BV100: S21a | BW100: S20a | BX100: S19a | BY100: S18a | BZ100: S17a | CA100: S16a
B101: PR12 | C101: PR11-PR12 | D101: 11536.269 | E101: 4R | F101: 46.598 | G101: EJ | H101: 0 | I101: 0 | CB101: S15a | CC101: S14a | CD101: S13a | CE101: S12a | CF101: S11a | CG101: S10a | CH101: S9a | CI101: S8b | CJ101: S8a | CK101: S7a | CL101: S6a | CM101: S5a | CN101: S4a | CO101: S3a | CP101: S2a | CQ101: S1a
B102: PR13 | C102: PR12-PR13 | D102: 11576.896 | E102: 5R | F102: 40.627 | G102: Int. | H102: 0 | I102: 0 | J102: S1 | K102: S2 | L102: S3 | M102: S4 | N102: S5 | O102: S6 | P102: S7 | Q102: S8 | R102: S9 | S102: S10 | T102: S11 | U102: S12 | V102: S13 | W102: S14
...

Sheet IC Merger Segment
I3: 1 | J3: 0
B4: Location | C4: Span | D4: Side | E4: Module | F4: Ch. From | G4: Ch. To | H4: Length | I4: Segment (Nos) | J4: Total Concrete | K4: LS1 | L4: LS2 | M4: LS3 | N4: LS4 | O4: LS5 | P4: LS6 | Q4: LS7 | R4: LS8 | S4: LS9 | T4: LS10 | U4: LS11 | V4: LS12 | W4: LS13 | X4: LS14 | Y4: LS15 | Z4: LS16 | AA4: LS17 | AB4: LS18 | AC4: LS19 | AD4: LS20 | AE4: LS21 | AF4: LS22 | AG4: LS23 | AH4: LS24 | AI4: LS25 | AJ4: LS26 | AK4: LS27 | AL4: LS28 | AM4: LS29 | AN4: LS30 | AO4: LS31 | AP4: LS32 | AQ4: LS33 | AR4: LS34 | AS4: LS35 | AT4: LS36 | AU4: LS37 | AV4: LS38 | AW4: LS37a | AX4: LS36a | AY4: LS35a | AZ4: LS34a | BA4: LS33a | BB4: LS32a | BC4: LS31a | BD4: LS30a | BE4: LS29a | BF4: LS28a | BG4: LS27a | BH4: LS26a | BI4: LS25a | BJ4: LS24a | BK4: LS23a | BL4: LS22a | BM4: LS21a | BN4: LS20a | BO4: LS19a | BP4: LS18a | BQ4: LS17a | BR4: LS16a | BS4: LS15a | BT4: LS14a | BU4: LS13a | BV4: LS12a | BW4: LS11a | BX4: LS10a | BY4: LS9a | BZ4: LS8a | CA4: LS7a | CB4: LS6a | CC4: LS5a | CD4: LS4a | CE4: LS3a | CF4: LS2a | CG4: LS1a
B5: Charkop IC | C5: PL1-PL2 | D5: LHS | E5: 2L | F5: 11053.549 | G5: 11094.176 | H5: 40.627 | I5: 1 | J5: 0 | K5: LS1 | L5: LS2 | M5: LS3 | N5: LS4 | O5: LS5 | P5: LS6 | Q5: LS7 | R5: LS8 | S5: LS9 | T5: LS10 | U5: LS11 | V5: LS12 | W5: LS13 | X5: LS14 | CH5: 1
B6: Charkop IC | C6: PL2-PL3 | D6: LHS | E6: 2L | F6: 11094.176 | G6: 11134.803 | H6: 40.627 | I6: 0 | J6: 0 | Y6: LS15 | Z6: LS16 | AA6: LS17 | AB6: LS18 | AC6: LS19 | AD6: LS20 | AE6: LS21 | BM6: LS21a | BN6: LS20a | BO6: LS19a | BP6: LS18a | BQ6: LS17a | BR6: LS16a | BS6: LS15a
B7: Charkop IC | C7: PL3-PL4 | D7: LHS | E7: 2L | F7: 11134.803 | G7: 11175.431 | H7: 40.628 | I7: 0 | J7: 0 | BT7: LS14a | BU7: LS13a | BV7: LS12a | BW7: LS11a | BX7: LS10a | BY7: LS9a | BZ7: LS8a | CA7: LS7a | CB7: LS6a | CC7: LS5a | CD7: LS4a | CE7: LS3a | CF7: LS2a | CG7: LS1a
B8: Charkop IC | C8: PL9-PL10 | D8: LHS | E8: 5L | F8: 11402.447 | G8: 11446.059 | H8: 43.612 | I8: 0 | J8: 0 | K8: LS1 | L8: LS2 | M8: LS3 | N8: LS4 | O8: LS5 | P8: LS6 | Q8: LS7 | R8: LS8 | S8: LS9 | T8: LS10 | U8: LS11 | V8: LS12 | W8: LS13 | X8: LS14 | Y8: LS15
B9: Charkop IC | C9: PL10-PL11 | D9: LHS | E9: 5L | F9: 11446.059 | G9: 11489.671 | H9: 43.612 | I9: 0 | J9: 0 | Z9: LS16 | AA9: LS17 | AB9: LS18 | AC9: LS19 | AD9: LS20 | AE9: LS21 | AF9: LS22 | AG9: LS23 | AH9: LS24 | AI9: LS25 | AJ9: LS26 | AK9: LS27 | AL9: LS28 | AM9: LS29 | AN9: LS30
B10: Charkop IC | C10: PL11-PL12 | D10: LHS | E10: 5L | F10: 11489.671 | G10: 11533.283 | H10: 43.612 | I10: 0 | J10: 0 | AO10: LS31 | AP10: LS32 | AQ10: LS33 | AR10: LS34 | AS10: LS35 | AT10: LS36 | AU10: LS37 | AV10: LS38 | AW10: LS37a | AX10: LS36a | AY10: LS35a | AZ10: LS34a | BA10: LS33a | BB10: LS32a | BC10: LS31a
B11: Charkop IC | C11: PL12-PL13 | D11: LHS | E11: 5L | F11: 11533.283 | G11: 11576.896 | H11: 43.613 | I11: 0 | J11: 0 | BD11: LS30a | BE11: LS29a | BF11: LS28a | BG11: LS27a | BH11: LS26a | BI11: LS25a | BJ11: LS24a | BK11: LS23a | BL11: LS22a | BM11: LS21a | BN11: LS20a | BO11: LS19a | BP11: LS18a | BQ11: LS17a | BR11: LS16a
B12: Charkop IC | C12: PL13-PL14 | D12: LHS | E12: 5L | F12: 11576.896 | G12: 11617.523 | H12: 40.627 | I12: 0 | J12: 0 | BS12: LS15a | BT12: LS14a | BU12: LS13a | BV12: LS12a | BW12: LS11a | BX12: LS10a | BY12: LS9a | CA12: LS7a | CB12: LS6a | CC12: LS5a | CD12: LS4a | CE12: LS3a | CF12: LS2a | CG12: LS1a
B13: Gorai IC | C13: PL70-PL71 | D13: LHS | E13: 22L | F13: 14311.27 | G13: 14349.23 | H13: 37.96 | I13: 0 | J13: 0 | K13: LS1 | L13: LS2 | M13: LS3 | N13: LS4 | O13: LS5 | P13: LS6 | Q13: LS7 | R13: LS8 | S13: LS9 | T13: LS10 | U13: LS11 | V13: LS12 | W13: LS13
B14: Gorai IC | C14: PL71-PL72 | D14: LHS | E14: 22L | F14: 14349.23 | G14: 14387.19 | H14: 37.96 | I14: 0 | J14: 0 | X14: LS14 | Y14: LS15 | Z14: LS16 | AA14: LS17 | AB14: LS18 | AC14: LS19 | AD14: LS20 | BO14: LS19a | BP14: LS18a | BQ14: LS17a | BR14: LS16a | BS14: LS15a | BT14: LS14a
B15: Gorai IC | C15: PL72-PL73 | D15: LHS | E15: 22L | F15: 14387.19 | G15: 14425.15 | H15: 37.96 | I15: 0 | J15: 0 | BU15: LS13a | BV15: LS12a | BW15: LS11a | BX15: LS10a | BY15: LS9a | BZ15: LS8a | CA15: LS7a | CB15: LS6a | CC15: LS5a | CD15: LS4a | CE15: LS3a | CF15: LS2a | CG15: LS1a
B16: Gorai IC | C16: PL76-PL77 | D16: LHS | E16: 24L | F16: 14575.15 | G16: 14616.12 | H16: 40.97 | I16: 0 | J16: 0 | K16: LS1 | L16: LS2 | M16: LS3 | N16: LS4 | O16: LS5 | P16: LS6 | Q16: LS7 | R16: LS8 | S16: LS9 | T16: LS10 | U16: LS11 | V16: LS12 | W16: LS13 | X16: LS14
B17: Gorai IC | C17: PL77-PL78 | D17: LHS | E17: 24L | F17: 14616.12 | G17: 14657.09 | H17: 40.97 | I17: 0 | J17: 0 | Y17: LS15 | Z17: LS16 | AA17: LS17 | AB17: LS18 | AC17: LS19 | AD17: LS20 | AE17: LS21 | AF17: LS22 | AG17: LS23 | AH17: LS24 | AI17: LS25 | AJ17: LS26 | AK17: LS27 | AL17: LS28
B18: Gorai IC | C18: PL78-PL79 | D18: LHS | E18: 24L | F18: 14657.09 | G18: 14698.06 | H18: 40.97 | I18: 0 | J18: 0 | AM18: LS29 | AN18: LS30 | AO18: LS31 | AP18: LS32 | AQ18: LS33 | AR18: LS34 | AS18: LS35 | AY18: LS35a | AZ18: LS34a | BA18: LS33a | BB18: LS32a | BC18: LS31a | BD18: LS30a | BE18: LS29a
B19: Gorai IC | C19: PL79-PL80 | D19: LHS | E19: 24L | F19: 14698.06 | G19: 14739.03 | H19: 40.97 | I19: 0 | J19: 0 | BF19: LS28a | BG19: LS27a | BH19: LS26a | BI19: LS25a | BJ19: LS24a | BK19: LS23a | BL19: LS22a | BM19: LS21a | BN19: LS20a | BO19: LS19a | BP19: LS18a | BQ19: LS17a | BR19: LS16a | BS19: LS15a
B20: Gorai IC | C20: PL80-PL81 | D20: LHS | E20: 24L | F20: 14739.03 | G20: 14780 | H20: 40.97 | I20: 0 | J20: 0 | BT20: LS14a | BU20: LS13a | BV20: LS12a | BW20: LS11a | BX20: LS10a | BY20: LS9a | BZ20: LS8a | CA20: LS7a | CB20: LS6a | CC20: LS5a | CD20: LS4a | CE20: LS3a | CF20: LS2a | CG20: LS1a
B22: Location | C22: Span | D22: Side | E22: Module | F22: Ch. From | G22: Ch. To | H22: Length | J22: Total Nos | K22: RS1 | L22: RS2 | M22: RS3 | N22: RS4 | O22: RS5 | P22: RS6 | Q22: RS7 | R22: RS8 | S22: RS9 | T22: RS10 | U22: RS11 | V22: RS12 | W22: RS13 | X22: RS14 | Y22: RS15 | Z22: RS16 | AA22: RS17 | AB22: RS18 | AC22: RS19 | AD22: RS20 | AE22: RS21 | AF22: RS22 | AG22: RS23 | AH22: RS24 | AI22: RS25 | AJ22: RS26 | AK22: RS27 | AL22: RS28 | AM22: RS29 | AN22: RS30 | AO22: RS31 | AP22: RS32 | AQ22: RS33 | AR22: RS34 | AS22: RS35 | AT22: RS36 | AU22: RS37 | AV22: RS38 | AW22: RS37a | AX22: RS36a | AY22: RS35a | AZ22: RS34a | BA22: RS33a | BB22: RS32a | BC22: RS31a | BD22: RS30a | BE22: RS29a | BF22: RS28a | BG22: RS27a | BH22: RS26a | BI22: RS25a | BJ22: RS24a | BK22: RS23a | BL22: RS22a | BM22: RS21a | BN22: RS20a | BO22: RS19a | BP22: RS18a | BQ22: RS17a | BR22: RS16a | BS22: RS15a | BT22: RS14a | BU22: RS13a | BV22: RS12a | BW22: RS11a | BX22: RS10a | BY22: RS9a | BZ22: RS8a | CA22: RS7a | CB22: RS6a | CC22: RS5a | CD22: RS4a | CE22: RS3a | CF22: RS2a | CG22: RS1a
B23: Charkop IC | C23: PR1-PR2 | D23: RHS | E23: 2R | F23: 11053.549 | G23: 11094.176 | H23: 40.627 | I23: 0 | J23: 0 | K23: LS1 | L23: LS2 | M23: LS3 | N23: LS4 | O23: LS5 | P23: LS6 | Q23: LS7 | R23: LS8 | S23: LS9 | T23: LS10 | U23: LS11 | V23: LS12 | W23: LS13 | X23: LS14
B24: Charkop IC | C24: PR2-PR3 | D24: RHS | E24: 2R | F24: 11094.176 | G24: 11134.803 | H24: 40.627 | I24: 0 | J24: 0 | Y24: LS15 | Z24: LS16 | AA24: LS17 | AB24: LS18 | AC24: LS19 | AD24: LS20 | AE24: LS21 | AF24: LS22 | AG24: LS23 | AH24: LS24 | AI24: LS25 | AJ24: LS26 | AK24: LS27 | AL24: LS28
B25: Charkop IC | C25: PR3-PR4 | D25: RHS | E25: 2R | F25: 11134.803 | G25: 11175.431 | H25: 40.628 | I25: 0 | J25: 0 | AM25: LS29 | AN25: LS30 | AO25: LS31 | AP25: LS32 | AQ25: LS33 | AR25: LS34 | AS25: LS35 | AY25: LS35a | AZ25: LS34a | BA25: LS33a | BB25: LS32a | BC25: LS31a | BD25: LS30a | BE25: LS29a
B26: Charkop IC | C26: PR4-PR5 | D26: RHS | E26: 2R | F26: 11175.431 | G26: 11216.058 | H26: 40.627 | I26: 0 | J26: 0 | BF26: LS28a | BG26: LS27a | BH26: LS26a | BI26: LS25a | BJ26: LS24a | BK26: LS23a | BL26: LS22a | BM26: LS21a | BN26: LS20a | BO26: LS19a | BP26: LS18a | BQ26: LS17a | BR26: LS16a | BS26: LS15a
B27: Charkop IC | C27: PR5-PR6 | D27: RHS | E27: 2R | F27: 11216.058 | G27: 11256.686 | H27: 40.628 | I27: 0 | J27: 0 | BT27: LS14a | BU27: LS13a | BV27: LS12a | BW27: LS11a | BX27: LS10a | BY27: LS9a | BZ27: LS8a | CA27: LS7a | CB27: LS6a | CC27: LS5a | CD27: LS4a | CE27: LS3a | CF27: LS2a | CG27: LS1a
B28: Charkop IC | C28: PR12-PR13 | D28: RHS | E28: 5R | F28: 11536.269 | G28: 11576.896 | H28: 40.627 | I28: 0 | J28: 0 | K28: LS1 | L28: LS2 | M28: LS3 | N28: LS4 | O28: LS5 | P28: LS6 | Q28: LS7 | R28: LS8 | S28: LS9 | T28: LS10 | U28: LS11 | V28: LS12 | W28: LS13 | X28: LS14
B29: Charkop IC | C29: PR13-PR14 | D29: RHS | E29: 5R | F29: 11576.896 | G29: 11617.523 | H29: 40.627 | I29: 0 | J29: 0 | Y29: LS15 | Z29: LS16 | AA29: LS17 | AB29: LS18 | AC29: LS19 | AD29: LS20 | AE29: LS21 | BM29: LS21a | BN29: LS20a | BO29: LS19a | BP29: LS18a | BQ29: LS17a | BR29: LS16a | BS29: LS15a
B30: Charkop IC | C30: PR14-PR15 | D30: RHS | E30: 5R | F30: 11617.523 | G30: 11658.151 | H30: 40.628 | I30: 0 | J30: 0 | BT30: LS14a | BU30: LS13a | BV30: LS12a | BW30: LS11a | BX30: LS10a | BY30: LS9a | BZ30: LS8a | CA30: LS7a | CB30: LS6a | CC30: LS5a | CD30: LS4a | CE30: LS3a | CF30: LS2a | CG30: LS1a
B31: Gorai IC | C31: PR68-PR69 | D31: RHS | E31: 22R | F31: 14235.35 | G31: 14273.31 | H31: 37.96 | I31: 0 | J31: 0 | K31: LS1 | L31: LS2 | M31: LS3 | N31: LS4 | O31: LS5 | P31: LS6 | Q31: LS7 | R31: LS8 | S31: LS9 | T31: LS10 | U31: LS11 | V31: LS12 | W31: LS13
B32: Gorai IC | C32: PR69-PR70 | D32: RHS | E32: 22R | F32: 14273.31 | G32: 14311.27 | H32: 37.96 | I32: 0 | J32: 0 | X32: LS14 | Y32: LS15 | Z32: LS16 | AA32: LS17 | AB32: LS18 | AC32: LS19 | AD32: LS20 | AE32: LS21 | AF32: LS22 | AG32: LS23 | AH32: LS24 | AI32: LS25 | AJ32: LS26
B33: Gorai IC | C33: PR70-PR71 | D33: RHS | E33: 22R | F33: 14311.27 | G33: 14349.23 | H33: 37.96 | I33: 0 | J33: 0 | AK33: LS27 | AL33: LS28 | AM33: LS29 | AN33: LS30 | AO33: LS31 | AP33: LS32 | AQ33: LS33 | BB33: LS32a | BC33: LS31a | BD33: LS30a | BE33: LS29a | BF33: LS28a | BG33: LS27a
B34: Gorai IC | C34: PR71-PR72 | D34: RHS | E34: 22R | F34: 14349.23 | G34: 14387.19 | H34: 37.96 | I34: 0 | J34: 0 | BH34: LS26a | BI34: LS25a | BJ34: LS24a | BK34: LS23a | BL34: LS22a | BM34: LS21a | BN34: LS20a | BO34: LS19a | BP34: LS18a | BQ34: LS17a | BR34: LS16a | BS34: LS15a | BT34: LS14a
B35: Gorai IC | C35: PR72-PR73 | D35: RHS | E35: 22R | F35: 14387.19 | G35: 14425.15 | H35: 37.96 | I35: 0 | J35: 0 | BU35: LS13a | BV35: LS12a | BW35: LS11a | BX35: LS10a | BY35: LS9a | BZ35: LS8a | CA35: LS7a | CB35: LS6a | CC35: LS5a | CD35: LS4a | CE35: LS3a | CF35: LS2a | CG35: LS1a
B36: Gorai IC | C36: PR78-PR79 | D36: RHS | E36: 25R | F36: 14657.09 | G36: 14698.06 | H36: 40.97 | I36: 0 | J36: 0 | K36: LS1 | L36: LS2 | M36: LS3 | N36: LS4 | O36: LS5 | P36: LS6 | Q36: LS7 | R36: LS8 | S36: LS9 | T36: LS10 | U36: LS11 | V36: LS12 | W36: LS13 | X36: LS14
B37: Gorai IC | C37: PR79-PR80 | D37: RHS | E37: 25R | F37: 14698.06 | G37: 14739.03 | H37: 40.97 | I37: 0 | J37: 0 | Y37: LS15 | Z37: LS16 | AA37: LS17 | AB37: LS18 | AC37: LS19 | AD37: LS20 | AE37: LS21 | BM37: LS21a | BN37: LS20a | BO37: LS19a | BP37: LS18a | BQ37: LS17a | BR37: LS16a | BS37: LS15a
B38: Gorai IC | C38: PR80-PR81 | D38: RHS | E38: 25R | F38: 14739.03 | G38: 14780 | H38: 40.97 | I38: 0 | J38: 0 | BT38: LS14a | BU38: LS13a | BV38: LS12a | BW38: LS11a | BX38: LS10a | BY38: LS9a | BZ38: LS8a | CA38: LS7a | CB38: LS6a | CC38: LS5a | CD38: LS4a | CE38: LS3a | CF38: LS2a | CG38: LS1a

Sheet IC Girder
D1: No of Girder | F1: 563
B2: Interchange | C2: Sr No | D2: Span ID | E2: Girder ID | F2: Scope | G2: Type of Slab
B3: Charkop IC | C3: 1 | D3: PR12-DCP1 | E3: G1 | F3: 1 | G3: CIS Deck Slab
B4: Charkop IC | C4: 2 | D4: PR12-DCP1 | E4: G2 | F4: 1 | G4: CIS Deck Slab
B5: Charkop IC | C5: 3 | D5: PR12-DCP1 | E5: G3 | F5: 1 | G5: CIS Deck Slab
B6: Charkop IC | C6: 4 | D6: DCP1-DCP2 | E6: G4 | F6: 1 | G6: CIS Deck Slab
B7: Charkop IC | C7: 5 | D7: DCP1-DCP2 | E7: G5 | F7: 1 | G7: CIS Deck Slab
B8: Charkop IC | C8: 6 | D8: DCP1-DCP2 | E8: G6 | F8: 1 | G8: CIS Deck Slab
B9: Charkop IC | C9: 7 | D9: DCP2-DCP3 | E9: G1 | F9: 1 | G9: CIS Deck Slab
B10: Charkop IC | C10: 8 | D10: DCP2-DCP3 | E10: G2 | F10: 1 | G10: CIS Deck Slab
B11: Charkop IC | C11: 9 | D11: DCP2-DCP3 | E11: G3 | F11: 1 | G11: CIS Deck Slab
B12: Charkop IC | C12: 10 | D12: DCP3-DCP4 | E12: G4 | F12: 1 | G12: CIS Deck Slab
B13: Charkop IC | C13: 11 | D13: DCP3-DCP4 | E13: G5 | F13: 1 | G13: CIS Deck Slab
B14: Charkop IC | C14: 12 | D14: DCP3-DCP4 | E14: G6 | F14: 1 | G14: CIS Deck Slab
... B47: Charkop IC | C47: 45 | D47: CVP1-CVP2 | E47: G6 | F47: 1 | G47: CIS Deck Slab
B48: Charkop IC | D48: CVP2-CVP3 | G48: Voided Slab
B49: Charkop IC | D49: CVP3-CVP4 | G49: Voided Slab
B50: Charkop IC | D50: CVP4-CVP5 | G50: Voided Slab
B51: Charkop IC | C51: 46 | D51: CVP5-CVP6 | E51: G1 | F51: 1 | G51: CIS Deck Slab
B52: Charkop IC | C52: 47 | D52: CVP5-CVP6 | E52: G2 | F52: 1 | G52: CIS Deck Slab
B53: Charkop IC | C53: 48 | D53: CVP5-CVP6 | E53: G3 | F53: 1 | G53: CIS Deck Slab
B54: Charkop IC | C54: 49 | D54: CVP6-CVP7 | E54: G1 | F54: 1 | G54: CIS Deck Slab
B55: Charkop IC | C55: 50 | D55: CVP6-CVP7 | E55: G2 | F55: 1 | G55: CIS Deck Slab
B56: Charkop IC | C56: 51 | D56: CVP6-CVP7 | E56: G3 | F56: 1 | G56: CIS Deck Slab
B57: Charkop IC | C57: 52 | D57: CVP7-CVP8 | E57: G1 | F57: 1 | G57: CIS Deck Slab
B58: Charkop IC | C58: 53 | D58: CVP7-CVP8 | E58: G2 | F58: 1 | G58: CIS Deck Slab
B59: Charkop IC | C59: 54 | D59: CVP7-CVP8 | E59: G3 | F59: 1 | G59: CIS Deck Slab
B60: Charkop IC | C60: 55 | D60: CVP8-CVP9 | E60: G1 | F60: 1 | G60: CIS Deck Slab
B61: Charkop IC | C61: 56 | D61: CVP8-CVP9 | E61: G2 | F61: 1 | G61: CIS Deck Slab
B62: Charkop IC | C62: 57 | D62: CVP9-CVP10 | E62: G1 | F62: 1 | G62: CIS Deck Slab
... B164: Charkop IC | C164: 159 | D164: VCP33-VCP34 | E164: G3 | F164: 1 | G164: CIS Deck Slab
B165: Charkop IC | C165: 160 | D165: VCP34-VCP35 | G165: CIS Deck Slab
B166: Charkop IC | C166: 161 | D166: VCP34-VCP35 | G166: CIS Deck Slab
B167: Charkop IC | C167: 162 | D167: VCP34-VCP35 | G167: CIS Deck Slab
B168: Charkop IC | C168: 163 | D168: VCP35-VCP36 | G168: CIS Deck Slab
B169: Charkop IC | C169: 164 | D169: VCP35-VCP36 | G169: CIS Deck Slab
B170: Charkop IC | C170: 165 | D170: VCP35-VCP36 | G170: CIS Deck Slab
B171: Charkop IC | C171: 166 | D171: VCP36-VCP37 | G171: CIS Deck Slab
B172: Charkop IC | C172: 167 | D172: VCP36-VCP37 | G172: CIS Deck Slab
B173: Charkop IC | C173: 168 | D173: VCP36-VCP37 | G173: CIS Deck Slab
B174: Charkop IC | C174: 169 | D174: VCP37-VCP38 | G174: CIS Deck Slab
B175: Charkop IC | C175: 170 | D175: VCP37-VCP38 | G175: CIS Deck Slab
B176: Charkop IC | C176: 171 | D176: VCP37-VCP38 | G176: CIS Deck Slab
... B218: Charkop IC | C218: 213 | D218: VCP52-VCP53 | G218: CIS Deck Slab
B219: Charkop IC | C219: 214 | D219: PL9-CDP1 | E219: G1 | F219: 1 | G219: CIS Deck Slab
B220: Charkop IC | C220: 215 | D220: PL9-CDP1 | E220: G2 | F220: 1 | G220: CIS Deck Slab
B221: Charkop IC | C221: 216 | D221: PL9-CDP1 | E221: G3 | F221: 1 | G221: CIS Deck Slab
B222: Charkop IC | C222: 217 | D222: CDP1-CDP2 | E222: G4 | F222: 1 | G222: CIS Deck Slab
B223: Charkop IC | C223: 218 | D223: CDP1-CDP2 | E223: G5 | F223: 1 | G223: CIS Deck Slab
B224: Charkop IC | C224: 219 | D224: CDP1-CDP2 | E224: G6 | F224: 1 | G224: CIS Deck Slab
B225: Charkop IC | C225: 220 | D225: CDP2-CDP3 | E225: G7 | F225: 1 | G225: CIS Deck Slab
B226: Charkop IC | C226: 221 | D226: CDP2-CDP3 | E226: G8 | F226: 1 | G226: CIS Deck Slab
B227: Charkop IC | C227: 222 | D227: CDP2-CDP3 | E227: G9 | F227: 1 | G227: CIS Deck Slab
B228: Charkop IC | C228: 223 | D228: CDP3-CDP4 | E228: G1 | F228: 1 | G228: CIS Deck Slab
B229: Charkop IC | C229: 224 | D229: CDP3-CDP4 | E229: G2 | F229: 1 | G229: CIS Deck Slab
B230: Charkop IC | C230: 225 | D230: CDP3-CDP4 | E230: G3 | F230: 1 | G230: CIS Deck Slab
... B410: Charkop IC | C410: 405 | D410: CDP52-CDP53 | E410: G3 | F410: 1 | G410: CIS Deck Slab
B411: Gorai IC | D411: PR78-DGP1 | G411: Voided Slab
B412: Gorai IC | D412: DGP1-DGP2 | G412: Voided Slab
B413: Gorai IC | D413: DGP2-DGP3 | G413: Voided Slab
B414: Gorai IC | D414: DGP3-DGP4 | G414: Voided Slab
B415: Gorai IC | C415: 406 | D415: DGP4-DGP5 | E415: G1 | F415: 1 | G415: CIS Deck Slab
B416: Gorai IC | C416: 407 | D416: DGP4-DGP5 | E416: G1 | F416: 1 | G416: CIS Deck Slab
B417: Gorai IC | C417: 408 | D417: DGP4-DGP5 | E417: G1 | F417: 1 | G417: CIS Deck Slab
B418: Gorai IC | C418: 409 | D418: DGP5-DGP6 | E418: G2 | F418: 1 | G418: CIS Deck Slab
B419: Gorai IC | C419: 410 | D419: DGP5-DGP6 | E419: G2 | F419: 1 | G419: CIS Deck Slab
B420: Gorai IC | C420: 411 | D420: DGP5-DGP6 | E420: G2 | F420: 1 | G420: CIS Deck Slab
B421: Gorai IC | C421: 412 | D421: DGP6-DGP7 | E421: G1 | F421: 1 | G421: CIS Deck Slab
B422: Gorai IC | C422: 413 | D422: DGP6-DGP7 | E422: G1 | F422: 1 | G422: CIS Deck Slab
B423: Gorai IC | C423: 414 | D423: DGP6-DGP7 | E423: G1 | F423: 1 | G423: CIS Deck Slab
B424: Gorai IC | C424: 415 | D424: DGP7-DGP8 | E424: G1 | F424: 1 | G424: CIS Deck Slab
B425: Gorai IC | C425: 416 | D425: DGP7-DGP8 | E425: G1 | F425: 1 | G425: CIS Deck Slab
B426: Gorai IC | C426: 417 | D426: DGP8-DGP9 | E426: G2 | F426: 1 | G426: CIS Deck Slab
... B464: Gorai IC | C464: 455 | D464: GVP13-GVP14 | E464: G1 | F464: 1 | G464: CIS Deck Slab
B465: Gorai IC | D465: PL73-VGP1 | G465: Voided Slab
B466: Gorai IC | D466: VGP1-VGP2 | G466: Voided Slab
B467: Gorai IC | D467: VGP2-VGP3 | G467: Voided Slab
B468: Gorai IC | D468: VGP3-VGP4 | G468: Voided Slab
B469: Gorai IC | D469: VGP4-VGP5 | G469: Voided Slab
B470: Gorai IC | D470: VGP5-VGP6 | G470: Voided Slab
B471: Gorai IC | D471: VGP6-VGP7 | G471: Voided Slab
B472: Gorai IC | D472: VGP7-VGP8 | G472: Voided Slab
B473: Gorai IC | D473: VGP8-VGP9 | G473: SB Deck Slab
B474: Gorai IC | C474: 456 | D474: VGP9-VGP10 | E474: G1 | F474: 1 | G474: CIS Deck Slab
B475: Gorai IC | C475: 457 | D475: VGP9-VGP10 | E475: G1 | F475: 1 | G475: CIS Deck Slab
B476: Gorai IC | C476: 458 | D476: VGP9-VGP10 | E476: G1 | F476: 1 | G476: CIS Deck Slab
B477: Gorai IC | C477: 459 | D477: VGP10-VGP11 | E477: G1 | F477: 1 | G477: CIS Deck Slab
B478: Gorai IC | C478: 460 | D478: VGP10-VGP11 | E478: G1 | F478: 1 | G478: CIS Deck Slab
B479: Gorai IC | C479: 461 | D479: VGP10-VGP11 | E479: G1 | F479: 1 | G479: CIS Deck Slab
B480: Gorai IC | C480: 462 | D480: VGP11-VGP12 | E480: G1 | F480: 1 | G480: CIS Deck Slab
B481: Gorai IC | C481: 463 | D481: VGP11-VGP12 | E481: G1 | F481: 1 | G481: CIS Deck Slab
B482: Gorai IC | C482: 464 | D482: VGP11-VGP12 | E482: G1 | F482: 1 | G482: CIS Deck Slab
B483: Gorai IC | C483: 465 | D483: VGP12-VGP13 | E483: G2 | F483: 1 | G483: CIS Deck Slab
B484: Gorai IC | C484: 466 | D484: VGP12-VGP13 | E484: G2 | F484: 1 | G484: CIS Deck Slab
B485: Gorai IC | C485: 467 | D485: VGP12-VGP13 | E485: G2 | F485: 1 | G485: CIS Deck Slab
... B554: Gorai IC | C554: 536 | D554: VGP35-VGP36 | E554: G37 | F554: 1 | G554: CIS Deck Slab
B555: Gorai IC | D555: PL76-GDP1 | G555: Voided Slab
B556: Gorai IC | D556: GDP1-GDP2 | G556: Voided Slab
B557: Gorai IC | D557: GDP2-GDP3 | G557: Voided Slab
B558: Gorai IC | D558: GDP3-GDP4 | G558: Voided Slab
...

Sheet MCW Substruture
A2: Location | B2: Module | C2: Pier ID | D2: Pile ID | E2: Pile Cap ID | F2: Pier Cap
A3: MCW | B3: 1L | C3: PL1B | D3: PL1B | E3: PL1B | F3: PL1B
A4: MCW | D4: PL1B-1
A5: MCW | D5: PL1B-2
A6: MCW | D6: PL1B-3
A7: MCW | B7: 1L | C7: PL1A | D7: PL1A | E7: PL1A | F7: PL1A
A8: MCW | D8: PL1A-1
A9: MCW | D9: PL1A-2
A10: MCW | D10: PL1A-3
A11: MCW | B11: 1L | C11: PL1 | D11: PL1 | E11: PL1 | F11: PL1
A12: MCW | D12: PL1-1
A13: MCW | D13: PL1-2
A14: MCW | D14: PL1-3
A15: MCW | D15: PL1-4
A16: MCW | B16: 2L | C16: PL2 | D16: PL2 | E16: PL2 | F16: PL2
A17: MCW | D17: PL2-1
A18: MCW | D18: PL2-2
A19: MCW | D19: PL2-3
A20: MCW | D20: PL2-4
A21: MCW | D21: PL2-5
A22: MCW | D22: PL2-6
A23: MCW | D23: PL2-7
A24: MCW | D24: PL2-8
A25: MCW | B25: 2L | C25: PL3 | D25: PL3 | E25: PL3 | F25: PL3
A26: MCW | D26: PL3-1
A27: MCW | D27: PL3-2
A28: MCW | D28: PL3-3
A29: MCW | D29: PL3-4
A30: MCW | D30: PL3-5
A31: MCW | D31: PL3-6
A32: MCW | D32: PL3-7
A33: MCW | D33: PL3-8
A34: MCW | B34: 2L | C34: PL4 | D34: PL4 | E34: PL4 | F34: PL4
A35: MCW | D35: PL4-1
A36: MCW | D36: PL4-2
A37: MCW | D37: PL4-3
A38: MCW | D38: PL4-4
A39: MCW | D39: PL4-5
A40: MCW | D40: PL4-6
A41: MCW | D41: PL4-7
A42: MCW | D42: PL4-8
A43: MCW | B43: 3L | C43: PL5 | D43: PL5 | E43: PL5 | F43: PL5
A44: MCW | D44: PL5-1
A45: MCW | D45: PL5-2
A46: MCW | D46: PL5-3
A47: MCW | D47: PL5-4
A48: MCW | B48: 3L | C48: PL6 | D48: PL6 | E48: PL6 | F48: PL6
A49: MCW | D49: PL6-1
A50: MCW | D50: PL6-2
A51: MCW | D51: PL6-3
A52: MCW | D52: PL6-4
A53: MCW | B53: 4L | C53: PL7 | D53: PL7 | E53: PL7 | F53: PL7
A54: MCW | D54: PL7-1
A55: MCW | D55: PL7-2
A56: MCW | D56: PL7-3
A57: MCW | D57: PL7-4
A58: MCW | B58: 4L | C58: PL8 | D58: PL8 | E58: PL8 | F58: PL8
A59: MCW | D59: PL8-1
A60: MCW | D60: PL8-2
A61: MCW | D61: PL8-3
A62: MCW | D62: PL8-4
A63: MCW | B63: 5L | C63: PL9 | D63: PL9 | E63: PL9 | F63: PL9
A64: MCW | C64: PL9-1 | D64: PL9-1
A65: MCW | C65: PL9-2 | D65: PL9-2
A66: MCW | D66: PL9-3
A67: MCW | D67: PL9-4
A68: MCW | D68: PL9-5
A69: MCW | D69: PL9-6
A70: MCW | B70: 5L | C70: PL10 | D70: PL10 | E70: PL10 | F70: PL10
A71: MCW | C71: PL10-1 | D71: PL10-1
A72: MCW | C72: PL10-2 | D72: PL10-2
A73: MCW | D73: PL10-3
A74: MCW | D74: PL10-4
A75: MCW | D75: PL10-5
A76: MCW | D76: PL10-6
A77: MCW | B77: 5L | C77: PL11 | D77: PL11 | E77: PL11 | F77: PL11
A78: MCW | C78: =D78 -> PL11-1 | D78: PL11-1
A79: MCW | C79: =D79 -> PL11-2 | D79: PL11-2
A80: MCW | D80: PL11-3
A81: MCW | D81: PL11-4
A82: MCW | D82: PL11-5
A83: MCW | D83: PL11-6
A84: MCW | B84: 5L | C84: PL12 | D84: PL12 | E84: PL12 | F84: PL12
A85: MCW | C85: =D85 -> PL12-1 | D85: PL12-1
A86: MCW | C86: =D86 -> PL12-2 | D86: PL12-2
A87: MCW | D87: PL12-3
A88: MCW | D88: PL12-4
A89: MCW | D89: PL12-5
A90: MCW | D90: PL12-6
A91: MCW | B91: 5L | C91: PL13 | D91: PL13 | E91: PL13 | F91: PL13
A92: MCW | C92: =D92 -> PL13-1 | D92: PL13-1
A93: MCW | C93: =D93 -> PL13-2 | D93: PL13-2
A94: MCW | D94: PL13-3
A95: MCW | D95: PL13-4
A96: MCW | D96: PL13-5
A97: MCW | D97: PL13-6
A98: MCW | B98: 5L | C98: PL14 | D98: PL14 | E98: PL14 | F98: PL14
A99: MCW | C99: =D99 -> PL14-1 | D99: PL14-1
A100: MCW | C100: =D100 -> PL14-2 | D100: PL14-2
A101: MCW | D101: PL14-3
...
